COD_ETU,Note : TLGE3104,Résultat : TLGE3104,Session : TLGE3104,Année : TLGE3104,Note : TLGE3204,Résultat : TLGE3204,Session : TLGE3204,Année : TLGE3204,Note : TLGE3304,Résultat : TLGE3304,Session : TLGE3304,Année : TLGE3304,Note : TLGE3404,Résultat : TLGE3404,Session : TLGE3404,Année : TLGE3404,Note : TLGE3504,Résultat : TLGE3504,Session : TLGE3504,Année : TLGE3504,Note : TLGE3604,Résultat : TLGE3604,Session : TLGE3604,Année : TLGE3604,Note : TLGE3004,Résultat : TLGE3004,Session : TLGE3004,Année : TLGE3004,Note : TLGE4104,Résultat : TLGE4104,Session : TLGE4104,Année : TLGE4104,Note : TLGE4204,Résultat : TLGE4204,Session : TLGE4204,Année : TLGE4204,Note : TLGE4304,Résultat : TLGE4304,Session : TLGE4304,Année : TLGE4304,Note : TLGE4404,Résultat : TLGE4404,Session : TLGE4404,Année : TLGE4404,Note : TLGE4504,Résultat : TLGE4504,Session : TLGE4504,Année : TLGE4504,Note : TLGE4604,Résultat : TLGE4604,Session : TLGE4604,Année : TLGE4604,Note : TLGE4004,Résultat : TLGE4004,Session : TLGE4004,Année : TLGE4004,Note : TLMP140C,Résultat : TLMP140C,Session : TLMP140C,Année : TLMP140C,Note : TLMP240C,Résultat : TLMP240C,Session : TLMP240C,Année : TLMP240C
10010055,9,NV,2,2014,4.98,NRA,1,2014,3.4,NRA,1,2014,10,V,1,2012,10,V,2,2014,15.6,V,1,2014,8.83,NV,2,2014,0,NRA,1,2014,2.1,NRA,1,2014,4.6,NRA,1,2014,,,,,3.25,NRA,1,2014,1.2,NRA,1,2014,,,1,2014,,,,,,,,
10048488,2.7,NRA,1,2014,4.93,NRA,1,2014,2.8,NRA,1,2014,10,V,2,2014,10,V,2,2014,13.5,V,1,2014,"7,322",NV,2,2014,2.8,NRA,1,2014,1.75,NRA,1,2014,3.3,NRA,1,2014,,,,,6.5,NV,2,2014,,,,,,,1,2014,,,,,,,,
10048521,10,V,2,2014,10,V,2,2014,10.25,V,1,2013,14.2,V,1,2014,10.8,V,1,2012,15,V,1,2014,"11,708",V,2,2014,7,AC,2,2014,11.65,V,1,2014,15.7,V,1,2014,13.8,V,1,2014,11.5,V,1,2014,10,V,2,2014,"11,608",V,2,2014,,,,,,,,
10048609,10,V,2,2013,7,AC,2,2014,10.2,V,1,2014,13.6,V,1,2014,10,V,1,2013,"14,175",V,1,2014,"10,829",V,2,2014,10,V,2,2014,"12,125",V,1,2014,12.6,V,1,2014,15.9,V,1,2014,13,V,1,2014,7,AC,2,2014,"11,771",V,2,2014,,,,,,,,
10048648,12.6,V,1,2013,10,V,2,2014,10,V,1,2014,17.1,V,1,2014,10,V,2,2013,13.1,V,1,2014,"12,133",V,2,2014,,,,,7,NV,2,2014,,,,,9.3,NV,2,2014,9.75,NV,2,2014,,,,,,,1,2014,,,,,,,,
10048680,3.15,NRA,1,2014,2.93,NRA,1,2014,2.2,NRA,1,2014,8.5,NV,2,2014,8.05,NV,2,2014,12.5,V,1,2014,"6,222",NV,2,2014,2.4,NRA,1,2014,1.2,NRA,1,2014,13.4,V,1,2014,,,,,7.5,NV,2,2014,,,,,,,1,2014,,,,,,,,
10048681,7,AC,2,2014,10,V,2,2014,10,V,2,2014,13.4,V,1,2014,10,V,2,2014,13.3,V,1,2014,"10,617",V,2,2014,10,V,2,2014,"9,275",AC,2,2014,11.3,V,1,2014,17.1,V,1,2014,10.25,V,1,2014,8,AC,2,2014,"10,988",V,2,2014,,,,,,,,
10048683,7,AC,2,2014,8.48,AC,2,2014,7,AC,2,2014,14.4,V,1,2014,10,V,2,2013,15.3,V,1,2014,"10,363",V,2,2014,6.8,NV,2,2014,"5,775",NV,2,2014,12,V,1,2014,14.4,V,1,2014,14.25,V,1,2014,,,,,,,1,2014,,,,,,,,
10048701,10,V,2,2014,8.5,AC,2,2014,8,AC,2,2014,14.1,V,1,2014,10.05,V,1,2014,13.1,V,1,2014,"10,625",V,2,2014,8.5,AC,2,2014,10.45,V,1,2014,12.1,V,1,2014,13.8,V,1,2014,9.25,AC,2,2014,8,AC,2,2014,10.35,V,2,2014,,,,,,,,
10048707,2.6,NRA,1,2014,4.43,NRA,1,2014,5.2,NV,2,2014,10,V,1,2014,10,V,2,2014,13,V,1,2014,"7,538",NV,2,2014,,,,,0,NRA,1,2014,,,,,,,,,,,,,,,,,,,1,2014,,,,,,,,
10048722,4.1,NRA,1,2014,3.05,NRA,1,2014,3.4,NRA,1,2014,13.6,V,1,2014,"7,625",NV,2,2014,12.35,V,1,2014,"7,354",NV,2,2014,,,,,0,NRA,1,2014,,,,,,,,,4,NRA,1,2014,,,,,,,1,2014,,,,,,,,
10048732,10,V,2,2013,7,AC,2,2014,7,AC,2,2014,9.5,AC,2,2014,9.2,AC,2,2014,12.5,V,1,2014,9.2,AC,2,2014,7,AC,2,2014,"11,625",V,1,2014,13.4,V,1,2014,9.6,AC,2,2014,10.25,V,1,2014,10,V,2,2014,"10,313",V,2,2014,,,,,,,,
10048737,8,AC,2,2014,10,V,2,2014,7,AC,2,2014,13.8,V,1,2014,10,V,2,2013,11.8,V,1,2014,10.1,V,2,2014,5,NV,2,2014,8.6,NV,2,2014,4.6,NRA,1,2014,11.1,V,1,2014,2.5,NRA,1,2014,8,NV,2,2014,"6,633",NV,2,2014,,,,,,,,
10048752,4.35,NRA,1,2014,4.65,NRA,1,2014,5,NV,2,2014,10.3,V,1,2014,8.9,NV,2,2014,"14,175",V,1,2014,"7,896",NV,2,2014,4.2,NRA,1,2014,0,NRA,1,2014,11.4,V,1,2014,,,,,10,V,2,2014,,,,,,,1,2014,,,,,,,,
10048754,8,NV,2,2014,,,,,3.6,NRA,1,2014,10,V,2,2013,7.65,NV,2,2014,"15,025",V,1,2014,,,1,2014,5.4,NV,2,2014,"10,075",V,1,2014,10,V,2,2014,16.2,V,1,2014,9,NV,2,2014,5.5,NV,2,2014,"9,363",NV,2,2014,,,,,,,,
11010738,3.1,NRA,1,2014,2.93,NRA,1,2014,7,NV,2,2014,10.25,V,1,2013,"7,225",NV,2,2014,13.1,V,1,2014,"7,268",NV,2,2014,.8,NRA,1,2014,5,NV,2,2014,8.1,NV,2,2014,9.6,NV,2,2014,6,NV,2,2014,10,V,2,2014,"6,583",NV,2,2014,,,,,,,,
11011891,,,,,,,,,,,,,0,NRA,1,2014,,,,,0,NRA,1,2014,,,1,2014,0,NRA,1,2014,0,NRA,1,2014,0,NRA,1,2014,0,NRA,1,2014,0,NRA,1,2014,0,NRA,1,2014,0,NV,2,2014,,,,,,,,
11012531,2.25,NRA,1,2014,7.55,NV,2,2014,2.4,NRA,1,2014,10.4,V,1,2014,7.88,NV,2,2014,13,V,1,2014,"7,247",NV,2,2014,3.8,NRA,1,2014,5.1,NV,2,2014,3.2,NRA,1,2014,,,,,3.25,NRA,1,2014,,,,,,,1,2014,,,,,,,,
11012544,0,NRA,1,2014,0,NRA,1,2014,0,NRA,1,2014,0,NRA,1,2014,0,NRA,1,2014,0,NRA,1,2014,0,NV,2,2014,,,,,0,NRA,1,2014,,,,,0,NRA,1,2014,0,NRA,1,2014,,,,,,,1,2014,,,,,,,,
11012552,,,,,,,,,,,,,9,NV,2,2014,,,,,13.5,V,1,2014,,,1,2014,.6,NRA,1,2014,,,,,12.6,V,1,2014,,,,,4,NRA,1,2014,,,,,,,1,2014,,,,,,,,
11012553,2.85,NRA,1,2014,5.18,NV,2,2014,7.5,NV,2,2014,10,V,2,2013,10,V,2,2014,13.45,V,1,2014,"8,163",NV,2,2014,4.8,NRA,1,2014,7.55,NV,2,2014,10,V,1,2014,12.3,V,1,2014,10,V,2,2014,10,V,2,2014,"9,108",NV,2,2014,,,,,,,,
11012556,10,V,1,2013,4.03,NRA,1,2014,7,NV,2,2014,10.3,V,1,2013,6.05,NV,2,2014,13.05,V,1,2014,"8,405",NV,2,2014,2.7,NRA,1,2014,9,NV,2,2014,10.1,V,1,2014,10.2,V,1,2014,9,NV,2,2014,8,NV,2,2014,"8,167",NV,2,2014,,,,,,,,
11012941,,,,,,,,,10,V,2,2014,12.5,V,1,2014,6.5,NV,2,2014,13,V,1,2014,,,1,2014,,,,,"5,125",NV,2,2014,,,,,,,,,8.5,NV,2,2014,5.45,NV,2,2014,,,1,2014,,,,,,,,
11013302,,,,,,,,,,,,,14.8,V,1,2014,,,,,8,NV,2,2014,,,1,2014,0,NRA,1,2014,,,,,0,NRA,1,2014,,,,,2.25,NRA,1,2014,,,,,,,1,2014,,,,,,,,
11013318,,,,,,,,,,,,,.8,NRA,1,2014,,,,,,,,,,,1,2014,,,,,,,,,,,,,,,,,,,,,0,NRA,1,2014,,,1,2014,,,,,,,,
11013346,7,AC,2,2014,11.23,V,1,2014,10,V,2,2013,13,V,1,2014,12.6,V,1,2012,14.5,V,1,2014,"11,388",V,2,2014,10,V,2,2014,"10,875",V,1,2014,8.5,NV,2,2014,,,,,4.25,NRA,1,2014,7.65,NV,2,2014,,,1,2014,,,,,,,,
11013349,2.9,NRA,1,2014,6.08,NV,2,2014,4.2,NRA,1,2014,11.6,V,1,2014,10,V,2,2014,15.95,V,1,2014,"8,455",NV,2,2014,2.6,NRA,1,2014,"5,125",NV,2,2014,12,V,1,2014,,,,,7,NV,2,2014,,,,,,,1,2014,,,,,,,,
11013510,10,V,2,2014,10,V,2,2014,7.5,AC,2,2014,9,AC,2,2014,10,V,2,2014,13.55,V,1,2014,"10,008",V,2,2014,5.8,NV,2,2014,5.05,NV,2,2014,14.5,V,1,2014,17.1,V,1,2014,7,NV,2,2014,,,,,,,1,2014,,,,,,,,
11013773,10,V,2,2014,7,AC,2,2014,7,AC,2,2014,14.3,V,1,2014,7.9,AC,2,2014,"14,075",V,1,2014,"10,046",V,2,2014,7.6,NV,2,2014,10.5,V,1,2014,7.3,NV,2,2014,10,V,2,2014,4.5,NRA,1,2014,10.2,V,1,2014,8.35,NV,2,2014,,,,,,,,
11013811,10,V,2,2014,14.4,V,1,2014,10.1,V,1,2014,"14,625",V,1,2013,11.95,V,1,2014,"16,925",V,1,2014,13,V,2,2014,7.8,AC,2,2014,"13,675",V,1,2014,12.1,V,1,2014,17.1,V,1,2014,12.75,V,1,2014,14,V,1,2014,"12,904",V,2,2014,,,,,,,,
11013928,4.3,NRA,1,2014,5.45,NV,2,2014,10,V,1,2014,"10,875",V,1,2013,10,V,2,2014,13.6,V,1,2014,"9,038",NV,2,2014,2.4,NRA,1,2014,10,V,2,2014,10.8,V,1,2014,14.1,V,1,2014,10,V,1,2014,10.95,V,1,2014,"9,708",NV,2,2014,,,,,,,,
12009157,0,NRA,1,2014,0,NRA,1,2014,0,NRA,1,2014,0,NRA,1,2014,0,NRA,1,2014,0,NRA,1,2014,0,NV,2,2014,,,,,0,NRA,1,2014,,,,,,,,,0,NRA,1,2014,,,,,,,1,2014,,,,,,,,
12010879,12.4,V,1,2014,13.45,V,1,2014,10,V,2,2014,"12,875",V,1,2013,13.5,V,1,2014,"17,275",V,1,2014,13.25,V,2,2014,10.7,V,1,2014,16.05,V,1,2014,9,AC,2,2014,11.4,V,1,2014,13.5,V,1,2014,12.95,V,1,2014,"12,267",V,2,2014,,,,,,,,
12010889,,,,,,,,,,,,,11,V,1,2014,,,,,13,V,1,2014,,,1,2014,3.5,NRA,1,2014,,,,,10.3,V,1,2014,15.9,V,1,2014,2.25,NRA,1,2014,,,,,,,1,2014,,,,,,,,
12011014,10,V,2,2014,10,V,2,2014,10.4,V,1,2014,17.4,V,1,2014,10,V,2,2014,14.3,V,1,2014,"12,017",V,2,2014,11.8,V,1,2014,12.35,V,1,2014,10,V,2,2014,15.3,V,1,2014,8.5,AC,2,2014,12.1,V,1,2014,"11,675",V,2,2014,,,,,,,,
12011019,10.65,V,1,2013,11.3,V,1,2014,7,AC,2,2014,13.4,V,1,2014,10,V,1,2013,13.05,V,1,2014,10.9,V,2,2014,5.4,NV,2,2014,,,,,11.9,V,1,2014,,,,,9,NV,2,2014,8,NV,2,2014,,,1,2014,,,,,,,,
12011023,,,,,,,,,,,,,0,NRA,1,2014,,,,,0,NRA,1,2014,,,1,2014,0,NRA,1,2014,,,,,0,NRA,1,2014,0,NRA,1,2014,0,NRA,1,2014,,,,,,,1,2014,,,,,,,,
12011025,,,,,,,,,,,,,,,,,,,,,0,NRA,1,2014,,,1,2014,0,NRA,1,2014,,,,,0,NRA,1,2014,0,NRA,1,2014,0,NRA,1,2014,,,,,,,1,2014,,,,,,,,
12011029,10,V,2,2014,12.13,V,1,2014,10.2,V,1,2014,10,V,1,2014,10.28,V,1,2013,"13,575",V,1,2014,"11,031",V,2,2014,8.1,AC,2,2014,"12,725",V,1,2014,12.1,V,1,2014,17.7,V,1,2014,9,AC,2,2014,8.95,AC,2,2014,"11,429",V,2,2014,,,,,,,,
12011032,3.95,NRA,1,2014,15.38,V,1,2014,5.4,NV,2,2014,15.4,V,1,2014,10,V,2,2013,12,V,1,2014,"10,355",NV,2,2014,2.6,NRA,1,2014,1.5,NRA,1,2014,10.1,V,1,2014,17.7,V,1,2014,10.5,V,1,2014,,,,,,,1,2014,,,,,,,,
12011034,9.5,AC,2,2014,10,V,2,2014,8,AC,2,2014,16.6,V,1,2014,11.9,V,1,2014,16.9,V,1,2014,12.15,V,2,2014,10.6,V,1,2014,"11,675",V,1,2014,18.7,V,1,2014,15.3,V,1,2014,16.5,V,1,2014,10.6,V,1,2014,"13,896",V,1,2014,,,,,,,,
12011049,2.7,NRA,1,2014,4.75,NRA,1,2014,2.6,NRA,1,2014,10.2,V,1,2014,10,V,2,2014,12.7,V,1,2014,"7,158",NV,2,2014,.6,NRA,1,2014,0,NRA,1,2014,11.1,V,1,2014,,,,,3.25,NRA,1,2014,,,,,,,1,2014,,,,,,,,
12011056,10,V,2,2014,14.38,V,1,2014,11.73,V,1,2014,17.6,V,1,2014,13.75,V,1,2014,16.55,V,1,2014,"14,002",V,2,2014,14.5,V,1,2014,"12,525",V,1,2014,18.9,V,1,2014,17.7,V,1,2014,14,V,1,2014,,,,,,,1,2014,,,,,,,,
12011171,10,V,2,2014,7.5,AC,2,2014,10.2,V,1,2014,14.9,V,1,2014,7.8,AC,2,2014,15.4,V,1,2014,"10,967",V,2,2014,10,V,2,2014,10.3,V,1,2014,14,V,1,2014,13.8,V,1,2014,12,V,1,2014,10.05,V,1,2014,"11,692",V,2,2014,,,,,,,,
12011174,,,,,,,,,,,,,,,,,,,,,6.5,NV,2,2014,,,1,2014,,,,,,,,,,,,,,,,,,,,,,,,,,,1,2014,,,,,,,,
12011188,10,V,2,2014,10,V,2,2014,7,AC,2,2014,10.5,V,1,2014,10,V,2,2014,13.5,V,1,2014,"10,167",V,2,2014,7.8,NV,2,2014,11.05,V,1,2014,10,V,1,2014,11.1,V,1,2014,10.25,V,1,2014,,,,,,,1,2014,,,,,,,,
12011190,,,,,,,,,,,,,10,V,2,2014,10.9,V,1,2014,14.1,V,1,2014,,,1,2014,,,,,"5,075",NV,2,2014,,,,,9.6,NV,2,2014,9,NV,2,2014,,,,,,,1,2014,,,,,,,,
12011195,2.8,NRA,1,2014,5.55,NV,2,2014,3.4,NRA,1,2014,13.2,V,1,2014,10,V,2,2014,12.5,V,1,2014,"7,908",NV,2,2014,4.6,NRA,1,2014,"5,075",NV,2,2014,10.1,V,1,2014,13.5,V,1,2014,10.25,V,1,2014,7.75,NV,2,2014,"8,546",NV,2,2014,,,,,,,,
12011201,10,V,2,2014,10.55,V,1,2014,8.5,AC,2,2014,16.5,V,1,2014,10,V,2,2014,"14,075",V,1,2014,"11,604",V,2,2014,8.6,AC,2,2014,13.05,V,1,2014,11.5,V,1,2014,13.2,V,1,2014,8.5,AC,2,2014,8.95,AC,2,2014,"10,633",V,2,2014,,,,,,,,
12011202,,,,,,,,,,,,,13.6,V,1,2014,,,,,13,V,1,2014,,,1,2014,4.4,NRA,1,2014,,,,,10,V,2,2014,12.3,V,1,2014,10,V,2,2014,,,,,,,1,2014,,,,,,,,
12011210,10,V,2,2014,7.63,AC,2,2014,10,V,1,2014,14.6,V,1,2014,10.9,V,1,2014,"15,775",V,1,2014,"11,484",V,2,2014,8.2,AC,2,2014,10.1,V,1,2014,10,V,1,2014,10,V,2,2014,10.5,V,1,2014,7.85,AC,2,2014,"9,442",AC,2,2014,,,,,,,,
12011216,10,V,2,2014,7.43,AC,2,2014,10,V,1,2014,"13,675",V,1,2013,10.95,V,1,2013,"15,475",V,1,2014,"11,255",V,2,2014,7,AC,2,2014,10.3,V,1,2014,17.5,V,1,2014,12.6,V,1,2014,13.25,V,1,2014,10,V,2,2014,"11,775",V,2,2014,,,,,,,,
12011218,,,,,,,,,8,NV,2,2014,13,V,1,2014,8.2,NV,2,2014,12.65,V,1,2014,,,1,2014,7.3,AC,2,2014,9,AC,2,2014,13.1,V,1,2014,13.2,V,1,2014,12.25,V,1,2014,10,V,2,2014,"10,808",V,2,2014,,,,,,,,
12011219,8.02,AC,2,2014,7.33,,2,2014,7.4,AC,2,2014,10,V,1,2013,10,V,2,2013,13.5,V,1,2014,"9,375",AC,2,2014,7.9,AC,2,2014,7.7,AC,2,2014,11.1,V,1,2014,13.2,V,1,2014,10.25,V,1,2014,10,V,2,2014,"10,025",V,2,2014,,,,,,,,
12011220,16.2,V,1,2013,10,V,2,2014,10.2,V,1,2014,16.2,V,1,2014,10.4,V,1,2013,14,V,1,2014,"12,833",V,2,2014,8.4,AC,2,2014,9.1,AC,2,2014,11.8,V,1,2014,10.2,V,1,2014,12,V,1,2014,11.45,V,1,2014,"10,492",V,2,2014,,,,,,,,
12011225,7,AC,2,2014,9,AC,2,2014,7,AC,2,2014,15.5,V,1,2014,11,V,1,2014,13.5,V,1,2014,10.5,V,2,2014,7,AC,2,2014,"9,025",AC,2,2014,13.5,V,1,2014,16.2,V,1,2014,7,AC,2,2014,10,V,1,2014,"10,454",V,2,2014,,,,,,,,
12011228,10,V,2,2014,10.98,V,1,2014,7,AC,2,2014,16.05,V,1,2013,10.5,V,1,2014,13,V,1,2014,"11,255",V,2,2014,10.5,V,1,2014,11.95,V,1,2014,10.2,V,1,2014,17.4,V,1,2014,10,V,1,2014,7,AC,2,2014,"11,175",V,2,2014,,,,,,,,
12011232,10,V,2,2014,10,V,2,2014,10,V,1,2014,17.6,V,1,2014,7.75,AC,2,2014,12.2,V,1,2014,"11,258",V,2,2014,5.8,NV,2,2014,10,V,2,2014,11,V,1,2014,13.8,V,1,2014,7,NV,2,2014,,,,,,,1,2014,,,,,,,,
12011239,10,V,2,2014,7.9,AC,2,2014,8,AC,2,2014,13.5,V,1,2014,"12,575",V,1,2014,13.5,V,1,2014,"10,913",V,2,2014,10,V,2,2014,10,V,1,2014,13.1,V,1,2014,12,V,1,2014,7,AC,2,2014,11.15,V,1,2014,"10,542",V,2,2014,,,,,,,,
12011250,10,V,2,2014,14.4,V,1,2014,10,V,1,2014,13,V,1,2013,13.5,V,1,2013,13.5,V,1,2014,12.4,V,2,2014,10.2,V,1,2014,12.2,V,1,2014,16,V,1,2014,17.4,V,1,2014,13.75,V,1,2014,8,AC,2,2014,"12,925",V,2,2014,,,,,,,,
12011263,11.05,V,1,2014,10,V,2,2014,10,V,2,2014,12.6,V,1,2014,10,V,2,2014,13.5,V,1,2014,"11,192",V,2,2014,10,V,2,2014,10.85,V,1,2014,,,,,,,,,10.25,V,1,2014,10,V,2,2014,,,1,2014,,,,,,,,
12011268,,,,,,,,,,,,,4.3,NRA,1,2014,,,,,4,NRA,1,2014,,,1,2014,0,NRA,1,2014,,,,,0,NRA,1,2014,0,NRA,1,2014,0,NRA,1,2014,,,,,,,1,2014,,,,,,,,
12011270,,,,,,,,,,,,,,,,,,,,,0,NRA,1,2014,,,1,2014,,,,,,,,,,,,,,,,,0,NRA,1,2014,,,,,,,1,2014,,,,,,,,
12011273,8,AC,2,2014,7,AC,2,2014,7,AC,2,2014,14.6,V,1,2014,10,V,2,2013,13.5,V,1,2014,"10,017",V,2,2014,7,AC,2,2014,10.35,V,1,2014,10.8,V,1,2014,16.5,V,1,2014,10,V,2,2014,8.65,AC,2,2014,10.55,V,2,2014,,,,,,,,
12011281,10,V,2,2013,7,AC,2,2014,8.5,AC,2,2014,17.7,V,1,2014,10,V,1,2013,14.7,V,1,2014,"11,317",V,2,2014,7.8,NV,2,2014,,,,,12.1,V,1,2014,16.5,V,1,2014,15.25,V,1,2014,,,,,,,1,2014,,,,,,,,
12011289,,,,,,,,,,,,,10,V,1,2014,,,,,"12,525",V,1,2014,,,1,2014,.6,NRA,1,2014,,,,,,,,,,,,,,,,,,,,,,,1,2014,,,,,,,,
12011291,12.45,V,1,2014,10.7,V,1,2014,11.4,V,1,2014,17.4,V,1,2014,10.75,V,1,2014,17.45,V,1,2014,"13,358",V,1,2014,15.4,V,1,2014,"14,825",V,1,2014,14.4,V,1,2014,17.7,V,1,2014,15.75,V,1,2014,11.2,V,1,2014,"14,879",V,1,2014,,,,,,,,
12011305,,,,,,,,,,,,,6,NV,2,2014,,,,,12.5,V,1,2014,,,1,2014,0,NRA,1,2014,,,,,0,NRA,1,2014,,,,,,,,,,,,,,,1,2014,,,,,,,,
12011306,,,,,,,,,,,,,16.1,V,1,2014,,,,,12.25,V,1,2014,,,1,2014,6,NV,2,2014,,,,,11.8,V,1,2014,,,,,11.5,V,1,2014,,,,,,,1,2014,,,,,,,,
12011309,,,,,,,,,3.4,NRA,1,2014,11,V,1,2013,"11,375",V,1,2014,13.15,V,1,2014,,,1,2014,0,NRA,1,2014,0,NRA,1,2014,10,V,2,2014,,,,,10.25,V,1,2014,,,,,,,1,2014,,,,,,,,
12011315,10,V,2,2014,10,V,2,2014,8.6,AC,2,2014,13,V,1,2013,12.03,V,1,2013,15.75,V,1,2014,"11,563",V,2,2014,10,V,2,2014,9.05,AC,2,2014,11,V,1,2014,15.3,V,1,2014,14.5,V,1,2014,10.2,V,1,2014,"11,675",V,2,2014,,,,,,,,
12011317,,,,,,,,,,,,,9.5,NV,2,2014,,,,,"13,075",V,1,2014,,,1,2014,,,,,,,,,,,,,,,,,3,NRA,1,2014,,,,,,,1,2014,,,,,,,,
12011322,10,V,2,2014,10,V,2,2014,13.4,V,1,2014,12.35,V,1,2013,11.05,V,1,2014,16.95,V,1,2014,"12,292",V,2,2014,11.8,V,1,2014,14.45,V,1,2014,11.4,V,1,2014,13.5,V,1,2014,13.75,V,1,2014,13.15,V,1,2014,"13,008",V,1,2014,,,,,,,,
12011363,9,AC,2,2014,8.05,AC,2,2014,7,AC,2,2014,13.7,V,1,2014,9.2,AC,2,2014,"15,225",V,1,2014,"10,363",V,2,2014,6.6,NV,2,2014,11.3,V,1,2014,10,V,2,2014,14.1,V,1,2014,12,V,1,2014,,,,,,,1,2014,,,,,,,,
12011394,,,,,,,,,,,,,13.4,V,1,2014,,,,,14,V,1,2014,,,1,2014,0,NRA,1,2014,,,,,6,NV,2,2014,,,,,2.25,NRA,1,2014,,,,,,,1,2014,,,,,,,,
12011399,,,,,,,,,,,,,13.8,V,1,2014,5.8,NV,2,2014,13,V,1,2014,,,1,2014,,,,,"5,125",NV,2,2014,,,,,14.7,V,1,2014,4.5,NRA,1,2014,,,,,,,1,2014,,,,,,,,
12011403,0,NRA,1,2014,0,NRA,1,2014,0,NRA,1,2014,0,NRA,1,2014,0,NRA,1,2014,0,NRA,1,2014,0,NV,2,2014,0,NRA,1,2014,0,NRA,1,2014,0,NRA,1,2014,0,NRA,1,2014,0,NRA,1,2014,0,NRA,1,2014,0,NV,2,2014,,,,,,,,
12011404,,,,,,,,,10,V,2,2014,17.2,V,1,2014,11.9,V,1,2014,"16,925",V,1,2014,,,1,2014,8.8,AC,2,2014,"10,075",V,1,2014,13.1,V,1,2014,17.7,V,1,2014,10.75,V,1,2014,7.95,AC,2,2014,"11,396",V,2,2014,,,,,,,,
12011406,,,,,,,,,,,,,10.2,V,1,2014,,,,,14,V,1,2014,,,1,2014,5,NV,2,2014,,,,,10.1,V,1,2014,,,,,4.25,NRA,1,2014,,,,,,,1,2014,,,,,,,,
12011407,10,V,2,2014,4.73,NRA,1,2014,4.6,NRA,1,2014,14.3,V,1,2014,10,V,2,2013,13.4,V,1,2014,"9,505",NV,2,2014,7.8,NV,2,2014,"5,075",NV,2,2014,10,V,1,2014,15.3,V,1,2014,9.75,NV,2,2014,,,,,,,1,2014,,,,,,,,
12011543,10,V,2,2014,7,AC,2,2014,7,AC,2,2014,15.5,V,1,2014,7.7,AC,2,2014,13.5,V,1,2014,"10,117",V,2,2014,10,V,2,2014,"11,525",V,1,2014,11.7,V,1,2014,11.7,V,1,2014,14.75,V,1,2014,11.1,V,1,2014,"11,796",V,2,2014,,,,,,,,
12011683,10,V,2,2014,10,V,2,2014,10.2,V,1,2014,10,V,2,2013,10,V,2,2014,15.65,V,1,2014,"10,975",V,2,2014,7,AC,2,2014,"10,525",V,1,2014,10.3,V,1,2014,13.2,V,1,2014,12.5,V,1,2014,12.25,V,1,2014,"10,963",V,2,2014,,,,,,,,
12011735,10,V,2,2014,10,V,2,2014,10,V,2,2014,"15,675",V,1,2013,10,V,2,2014,17.65,V,1,2014,"12,221",V,2,2014,10.2,V,1,2014,12.85,V,1,2014,13,V,1,2014,15.3,V,1,2014,11.25,V,1,2014,10.05,V,1,2014,"12,108",V,1,2014,,,,,,,,
12011815,10,V,2,2014,12.88,V,1,2014,10.2,V,1,2014,16,V,1,2014,11.65,V,1,2014,14.5,V,1,2014,"12,538",V,2,2014,13,V,1,2014,"12,775",V,1,2014,11.6,V,1,2014,10.5,V,1,2014,14,V,1,2014,14.5,V,1,2014,"12,729",V,1,2014,,,,,,,,
12011828,10,V,2,2014,9,AC,2,2014,7.2,AC,2,2014,"10,175",V,1,2013,9.9,AC,2,2014,15,V,1,2014,"10,213",V,2,2014,7,AC,2,2014,12.9,V,1,2014,10,V,1,2014,14.1,V,1,2014,9.5,AC,2,2014,7,AC,2,2014,"10,083",V,2,2014,,,,,,,,
12011832,10,V,2,2014,7,AC,2,2014,10.2,V,1,2014,"14,275",V,1,2013,8.1,AC,2,2014,12.5,V,1,2014,"10,346",V,2,2014,8,AC,2,2014,10.6,V,1,2014,10,V,2,2014,16.5,V,1,2014,10,V,1,2014,12.45,V,1,2014,"11,258",V,2,2014,,,,,,,,
12012002,10,V,2,2014,10,V,2,2014,10,V,2,2014,10,V,2,2013,10.85,V,1,2014,14.8,V,1,2014,"10,942",V,2,2014,11.6,V,1,2014,"11,025",V,1,2014,10.4,V,1,2014,14.1,V,1,2014,15.5,V,1,2014,10,V,2,2014,"12,104",V,2,2014,,,,,,,,
12012020,10,V,2,2014,8,AC,2,2014,10.2,V,1,2014,15.5,V,1,2014,8.75,AC,2,2014,14,V,1,2014,"11,075",V,2,2014,10,V,2,2014,10,V,2,2014,11.5,V,1,2014,11.1,V,1,2014,12.5,V,1,2014,10,V,2,2014,10.85,V,2,2014,,,,,,,,
12012063,12.45,V,1,2014,12.58,V,1,2014,10,V,2,2014,"12,467",V,1,2013,13.2,V,1,2014,15.1,V,1,2014,"12,633",V,2,2014,10,V,2,2014,"14,275",V,1,2014,14,V,1,2014,15.9,V,1,2014,16,V,1,2014,16.4,V,1,2014,"14,429",V,2,2014,,,,,,,,
12012076,13,V,1,2014,10,V,2,2014,7.6,AC,2,2014,17.2,V,1,2014,10,V,2,2014,14.25,V,1,2014,"12,008",V,2,2014,10,V,2,2014,"14,875",V,1,2014,11.5,V,1,2014,17.7,V,1,2014,10.75,V,1,2014,15.45,V,1,2014,"13,379",V,2,2014,,,,,,,,
12012165,10,V,2,2014,7.98,AC,2,2014,8,AC,2,2014,11.25,V,1,2013,9.15,AC,2,2014,15.25,V,1,2014,"10,272",V,2,2014,7,AC,2,2014,"10,125",V,1,2014,10,V,2,2014,16.2,V,1,2014,10.75,V,1,2014,7,AC,2,2014,"10,179",V,2,2014,,,,,,,,
12012333,10,V,2,2014,9,AC,2,2014,7.1,AC,2,2014,11.25,V,1,2013,12.1,V,1,2014,15,V,1,2014,"10,742",V,2,2014,10,V,2,2014,17.05,V,1,2014,10,V,2,2014,11.4,V,1,2014,12.5,V,1,2014,9,AC,2,2014,"11,658",V,2,2014,,,,,,,,
12012345,14.7,V,1,2014,10,V,2,2014,10,V,1,2014,14.1,V,1,2014,11.85,V,1,2014,"17,125",V,1,2014,"12,963",V,2,2014,10.4,V,1,2014,"10,525",V,1,2014,11.8,V,1,2014,10,V,2,2014,13.5,V,1,2014,11.1,V,1,2014,"11,221",V,2,2014,,,,,,,,
12012717,12.9,V,1,2014,15.08,V,1,2014,12.2,V,1,2014,13.75,V,1,2013,12.1,V,1,2014,15.9,V,1,2014,"13,655",V,2,2014,11.5,V,1,2014,"16,125",V,1,2014,12.9,V,1,2014,12.6,V,1,2014,17,V,1,2014,11,V,1,2014,"13,521",V,1,2014,,,,,,,,
12012919,3.15,NRA,1,2014,10,V,2,2014,3,NRA,1,2014,15.3,V,1,2014,11.55,V,1,2013,14,V,1,2014,9.5,NV,2,2014,2.2,NRA,1,2014,5.15,NV,2,2014,8.5,NV,2,2014,,,,,10,V,2,2014,,,,,,,1,2014,,,,,,,,
12012920,10,V,2,2014,8,AC,2,2014,7,AC,2,2014,14.3,V,1,2014,10,V,1,2013,13.5,V,1,2014,"10,467",V,2,2014,7.6,AC,2,2014,11.65,V,1,2014,15.4,V,1,2014,17.4,V,1,2014,9,AC,2,2014,10.45,V,1,2014,"11,917",V,2,2014,,,,,,,,
12012921,8.5,NV,2,2014,6.4,NV,2,2014,2.8,NRA,1,2014,13.2,V,1,2014,10,V,2,2014,13,V,1,2014,"8,983",NV,2,2014,6.2,NV,2,2014,9,NV,2,2014,10,V,2,2014,15.9,V,1,2014,8.5,NV,2,2014,,,,,,,1,2014,,,,,,,,
12012924,10,V,2,2014,10,V,2,2014,10,V,2,2014,10.5,V,1,2013,10,V,2,2013,15.55,V,1,2014,"11,008",V,2,2014,10,V,2,2014,10,V,2,2014,12.3,V,1,2014,8.4,AC,2,2014,13,V,1,2014,7.55,AC,2,2014,"10,208",V,2,2014,,,,,,,,
12013080,12.5,V,1,2014,10,V,2,2014,8,AC,2,2014,15.3,V,1,2014,14,V,1,2014,17.2,V,1,2014,"12,833",V,2,2014,7,AC,2,2014,10.15,V,1,2014,11.6,V,1,2014,16.2,V,1,2014,10,V,2,2014,11.5,V,1,2014,"11,075",V,2,2014,,,,,,,,
13010020,10,V,2,2014,7,AC,2,2014,13.3,V,1,2014,17.3,V,1,2014,10,V,2,2014,15.4,V,1,2014,"12,167",V,2,2014,7.3,AC,2,2014,"12,525",V,1,2014,15.1,V,1,2014,16.8,V,1,2014,15,V,1,2014,14.15,V,1,2014,"13,479",V,2,2014,,,,,,,,
13010857,15.25,V,1,2014,10,V,2,2014,8,AC,2,2014,10,V,2,2014,12.6,V,1,2014,16.15,V,1,2014,12,V,2,2014,16.8,V,1,2014,11.5,V,1,2014,11.9,V,1,2014,12,V,1,2014,11.5,V,1,2014,11.4,V,1,2014,"12,517",V,1,2014,,,,,,,,
13010947,10,V,2,2014,17.95,V,1,2014,10.8,V,1,2014,14.2,V,1,2014,14,V,1,2014,"14,025",V,1,2014,"13,496",V,2,2014,19.8,V,1,2014,15.15,V,1,2014,14.2,V,1,2014,17.1,V,1,2014,14.75,V,1,2014,18.15,V,1,2014,"16,525",V,1,2014,,,,,,,,
13011076,12.5,V,1,2014,15.93,V,1,2014,7.4,AC,2,2014,17.4,V,1,2014,12.5,V,1,2014,"15,725",V,1,2014,"13,576",V,2,2014,10.6,V,1,2014,"16,075",V,1,2014,11.3,V,1,2014,14.7,V,1,2014,13.5,V,1,2014,12.05,V,1,2014,"13,038",V,1,2014,,,,,,,,
13012024,,,,,,,,,12,V,1,2014,14.4,V,1,2014,,,,,13,V,1,2014,,,1,2014,11.3,V,1,2014,"11,725",V,1,2014,10.2,V,1,2014,14.7,V,1,2014,12,V,1,2014,10.65,V,1,2014,"11,763",V,1,2014,,,,,,,,
13012477,,,,,,,,,,,,,,,,,,,,,12.5,V,1,2014,,,1,2014,,,,,,,,,,,,,,,,,3,NRA,1,2014,,,,,,,1,2014,,,,,,,,
13012497,,,,,,,,,,,,,13.9,V,1,2014,,,,,15.1,V,1,2014,,,1,2014,4.1,NRA,1,2014,,,,,10,V,1,2014,14.4,V,1,2014,10.25,V,1,2014,,,,,,,1,2014,,,,,,,,
13012554,17.5,V,1,2014,13.98,V,1,2014,10,V,1,2014,16.8,V,1,2014,14.8,V,1,2014,14.1,V,1,2014,14.53,V,1,2014,14.5,V,1,2014,"17,475",V,1,2014,14.6,V,1,2014,16.5,V,1,2014,13.75,V,1,2014,17.1,V,1,2014,"15,654",V,1,2014,,,,,,,,
13012804,,,,,,,,,10,V,2,2014,10,V,1,2014,,,,,13,V,1,2014,,,1,2014,7.4,NV,2,2014,,,,,12,V,1,2014,,,,,13.5,V,1,2014,7.45,NV,2,2014,,,1,2014,,,,,,,,
13012851,,,,,,,,,,,,,15.5,V,1,2014,,,,,13.15,V,1,2014,,,1,2014,7,NRA,1,2014,,,,,12.2,V,1,2014,,,,,9,NV,2,2014,,,,,,,1,2014,,,,,,,,
13012870,,,,,,,,,3.6,NRA,1,2014,10.3,V,1,2014,,,,,13.95,V,1,2014,,,1,2014,5.7,NV,2,2014,5,NV,2,2014,13.4,V,1,2014,12.9,V,1,2014,10,V,1,2014,5.65,NV,2,2014,"8,775",NV,2,2014,,,,,,,,
13012878,,,,,,,,,,,,,,,,,,,,,12,V,1,2014,,,1,2014,,,,,,,,,,,,,,,,,4.25,NRA,1,2014,,,,,,,1,2014,,,,,,,,
13012879,10,V,2,2014,11.8,V,1,2014,10.8,V,1,2014,17.1,V,1,2014,"10,975",V,1,2014,"14,575",V,1,2014,"12,542",V,2,2014,9.6,AC,2,2014,12.15,V,1,2014,12.8,V,1,2014,14.4,V,1,2014,14,V,1,2014,10,V,2,2014,"12,158",V,2,2014,,,,,,,,
13012931,10,V,2,2014,7,AC,2,2014,10,V,2,2014,13.6,V,1,2014,10.6,V,1,2014,14,V,1,2014,"10,867",V,2,2014,8.4,AC,2,2014,10.85,V,1,2014,10.9,V,1,2014,13.2,V,1,2014,14,V,1,2014,10,V,2,2014,"11,225",V,2,2014,,,,,,,,
13013001,10.75,V,1,2014,10,V,2,2014,10,V,2,2014,15.1,V,1,2014,13.5,V,1,2014,"15,525",V,1,2014,"12,479",V,2,2014,15.4,V,1,2014,"14,775",V,1,2014,11.8,V,1,2014,12.6,V,1,2014,16,V,1,2014,15.55,V,1,2014,"14,354",V,1,2014,,,,,,,,
13013005,,,,,,,,,10.4,V,1,2014,13.2,V,1,2014,,,,,12.3,V,1,2014,,,1,2014,10.2,V,1,2014,9,AC,2,2014,10.2,V,1,2014,16.2,V,1,2014,11.25,V,1,2014,12.05,V,1,2014,"11,483",V,2,2014,,,,,,,,
13013019,8,AC,2,2014,10,V,2,2014,9,AC,2,2014,16.5,V,1,2014,10.4,V,1,2014,13.95,V,1,2014,"11,308",V,2,2014,7.2,AC,2,2014,8,AC,2,2014,7,AC,2,2014,17.1,V,1,2014,10.5,V,1,2014,10,V,2,2014,"9,967",AC,2,2014,,,,,,,,
13013133,,,,,,,,,,,,,6.2,NV,2,2014,,,,,14.65,V,1,2014,,,1,2014,.8,NRA,1,2014,,,,,,,,,,,,,9,NV,2,2014,,,,,,,1,2014,,,,,,,,
13013134,,,,,,,,,4.4,NRA,1,2014,12,V,1,2014,,,,,"13,575",V,1,2014,,,1,2014,3.1,NRA,1,2014,5.05,NV,2,2014,11.1,V,1,2014,9.9,NV,2,2014,10.5,V,1,2014,6.65,NV,2,2014,"7,717",NV,2,2014,,,,,,,,
13013135,10.55,V,1,2014,16.78,V,1,2014,12.2,V,1,2014,17.2,V,1,2014,14.55,V,1,2014,"17,725",V,1,2014,"14,834",V,1,2014,13.2,V,1,2014,"11,425",V,1,2014,14.6,V,1,2014,16.2,V,1,2014,15,V,1,2014,14.8,V,1,2014,"14,204",V,1,2014,,,,,,,,
13013137,,,,,,,,,,,,,15.6,V,1,2014,,,,,"12,175",V,1,2014,,,1,2014,1.4,NRA,1,2014,,,,,15.2,V,1,2014,17.1,V,1,2014,8,NV,2,2014,,,,,,,1,2014,,,,,,,,
13013141,10,V,2,2014,10,V,2,2014,10,V,2,2014,13.3,V,1,2014,9.3,AC,2,2014,"17,275",V,1,2014,"11,646",V,2,2014,10.1,V,1,2014,"11,425",V,1,2014,10,V,2,2014,15,V,1,2014,11.5,V,1,2014,11.25,V,1,2014,"11,546",V,2,2014,,,,,,,,
13013144,12.4,V,1,2014,10.93,V,1,2014,12.4,V,1,2014,12.8,V,1,2014,14.6,V,1,2014,"16,625",V,1,2014,"13,293",V,1,2014,17,V,1,2014,16.15,V,1,2014,15.25,V,1,2014,12.9,V,1,2014,15.25,V,1,2014,15.8,V,1,2014,"15,392",V,1,2014,,,,,,,,
13013145,4.3,NRA,1,2014,7,NV,2,2014,,,,,13.6,V,1,2014,,,,,"13,075",V,1,2014,,,1,2014,1.9,NRA,1,2014,,,,,10,V,2,2014,10.5,V,1,2014,11.5,V,1,2014,,,,,,,1,2014,,,,,,,,
13013149,13.25,V,1,2014,10.05,V,1,2014,11.2,V,1,2014,16.1,V,1,2014,13.5,V,1,2014,"17,825",V,1,2014,"13,654",V,1,2014,11.4,V,1,2014,"11,675",V,1,2014,14.8,V,1,2014,10.2,V,1,2014,18,V,1,2014,10.55,V,1,2014,"12,771",V,1,2014,,,,,,,,
13013152,,,,,,,,,3.6,NRA,1,2014,11.6,V,1,2014,,,,,13.5,V,1,2014,,,1,2014,3.6,NRA,1,2014,8.3,NV,2,2014,16.4,V,1,2014,14.4,V,1,2014,10,V,2,2014,6.25,NV,2,2014,"9,825",NV,2,2014,,,,,,,,
13013155,10,V,2,2014,8.5,AC,2,2014,10.4,V,1,2014,13.3,V,1,2014,10.85,V,1,2014,14,V,1,2014,"11,175",V,2,2014,10.2,V,1,2014,13.55,V,1,2014,10,V,2,2014,13.2,V,1,2014,11.75,V,1,2014,14.4,V,1,2014,"12,183",V,2,2014,,,,,,,,
13013161,10.85,V,1,2014,12.08,V,1,2014,9,AC,2,2014,13.9,V,1,2014,15.1,V,1,2014,"18,075",V,1,2014,"13,168",V,2,2014,14,V,1,2014,"16,225",V,1,2014,16.1,V,1,2014,14.4,V,1,2014,15,V,1,2014,18,V,1,2014,"15,621",V,1,2014,,,,,,,,
13013162,,,,,,,,,2.8,NRA,1,2014,,,,,,,,,13.5,V,1,2014,,,1,2014,.2,NRA,1,2014,,,,,10,V,2,2014,,,,,8,NV,2,2014,7,NV,2,2014,,,1,2014,,,,,,,,
13013170,10.2,V,1,2014,7,AC,2,2014,10,V,2,2014,14.7,V,1,2014,11.75,V,1,2014,14.2,V,1,2014,"11,308",V,2,2014,7,AC,2,2014,13.6,V,1,2014,15.6,V,1,2014,16.8,V,1,2014,12.5,V,1,2014,10,V,1,2014,"12,583",V,2,2014,,,,,,,,
13013275,11.9,V,1,2014,18.75,V,1,2014,11.4,V,1,2014,14.4,V,1,2014,16.35,V,1,2014,17.05,V,1,2014,"14,975",V,1,2014,10.6,V,1,2014,"14,275",V,1,2014,10,V,2,2014,16.2,V,1,2014,14.5,V,1,2014,10.1,V,1,2014,"12,613",V,2,2014,,,,,,,,
13013290,,,,,,,,,4,NRA,1,2014,,,,,,,,,14.5,V,1,2014,,,1,2014,0,NRA,1,2014,.6,NRA,1,2014,2.4,NRA,1,2014,8.1,NV,2,2014,5,NV,2,2014,0,NRA,1,2014,"2,683",NV,2,2014,,,,,,,,
13013295,,,,,,,,,,,,,14.7,V,1,2014,,,,,15.05,V,1,2014,,,1,2014,,,,,,,,,,,,,,,,,7.5,AC,2,2014,,,,,,,1,2014,,,,,,,,
13013302,,,,,,,,,,,,,0,NRA,1,2014,,,,,0,NRA,1,2014,,,1,2014,0,NRA,1,2014,,,,,0,NRA,1,2014,0,NRA,1,2014,0,NRA,1,2014,,,,,,,1,2014,,,,,,,,
13013319,,,,,,,,,10,V,1,2014,13,V,1,2014,,,,,14,V,1,2014,,,1,2014,7.8,NV,2,2014,"7,275",NV,2,2014,9.3,NV,2,2014,13.8,V,1,2014,11.25,V,1,2014,6.1,NV,2,2014,"9,254",NV,2,2014,,,,,,,,
13013329,10,V,2,2014,12.18,V,1,2014,11.2,V,1,2014,15,V,1,2014,12.2,V,1,2014,15,V,1,2014,"12,597",V,2,2014,14.8,V,1,2014,18.8,V,1,2014,14.2,V,1,2014,16.2,V,1,2014,15.75,V,1,2014,12.95,V,1,2014,15.45,V,1,2014,,,,,,,,
13013330,,,,,,,,,3,NRA,1,2014,12.4,V,1,2014,,,,,13.6,V,1,2014,,,1,2014,1.6,NRA,1,2014,7,NV,2,2014,6.4,NV,2,2014,15.6,V,1,2014,10.75,V,1,2014,5.05,NV,2,2014,"7,733",NV,2,2014,,,,,,,,
13013345,,,,,,,,,,,,,,,,,,,,,0,NRA,1,2014,,,1,2014,,,,,,,,,,,,,,,,,,,,,,,,,,,1,2014,,,,,,,,
13013370,,,,,,,,,,,,,,,,,,,,,13,V,1,2014,,,1,2014,2.3,NRA,1,2014,,,,,10,V,2,2014,,,,,6.5,NV,2,2014,,,,,,,1,2014,,,,,,,,
13013376,10,V,2,2014,10.85,V,1,2014,10,V,1,2014,15.6,V,1,2014,14.35,V,1,2014,17.15,V,1,2014,"12,992",V,2,2014,10,V,2,2014,"12,925",V,1,2014,13.2,V,1,2014,16.5,V,1,2014,16,V,1,2014,16.5,V,1,2014,"14,188",V,2,2014,,,,,,,,
13013435,,,,,,,,,,,,,,,,,,,,,12.5,V,1,2014,,,1,2014,,,,,,,,,,,,,,,,,,,,,,,,,,,1,2014,,,,,,,,
13013449,,,,,,,,,,,,,,,,,,,,,12,V,1,2014,,,1,2014,.2,NRA,1,2014,,,,,11.7,V,1,2014,,,,,5.75,NV,2,2014,,,,,,,1,2014,,,,,,,,
13013500,,,,,,,,,,,,,12.6,V,1,2014,,,,,"12,075",V,1,2014,,,1,2014,.6,NRA,1,2014,,,,,13.2,V,1,2014,,,,,10,V,1,2014,,,,,,,1,2014,,,,,,,,
13013511,10,V,2,2014,10,V,2,2014,10,V,2,2014,16.4,V,1,2014,11.8,V,1,2014,13,V,1,2014,"11,867",V,2,2014,10,V,1,2014,"10,125",V,1,2014,10,V,2,2014,14.1,V,1,2014,14,V,1,2014,10,V,2,2014,"11,371",V,2,2014,,,,,,,,
13013515,,,,,,,,,,,,,4,NRA,1,2014,,,,,12.25,V,1,2014,,,1,2014,1.2,NRA,1,2014,,,,,6,NV,2,2014,,,,,4.25,NRA,1,2014,,,,,,,1,2014,,,,,,,,
13013524,12.3,V,1,2014,10.55,V,1,2014,10.4,V,1,2014,18,V,1,2014,14.3,V,1,2014,"13,425",V,1,2014,"13,163",V,1,2014,11.9,V,1,2014,"13,075",V,1,2014,14.4,V,1,2014,17.7,V,1,2014,11.75,V,1,2014,13,V,1,2014,"13,638",V,1,2014,,,,,,,,
13013541,14.3,V,1,2014,10.18,V,1,2014,10,V,2,2014,14.4,V,1,2014,15.5,V,1,2014,"13,825",V,1,2014,"13,034",V,2,2014,11.8,V,1,2014,14.05,V,1,2014,10.9,V,1,2014,15.9,V,1,2014,10.25,V,1,2014,10.25,V,1,2014,"12,192",V,1,2014,,,,,,,,
13013543,,,,,,,,,,,,,10.6,V,1,2014,,,,,14.05,V,1,2014,,,1,2014,.2,NRA,1,2014,,,,,14,V,1,2014,,,,,11.5,V,1,2014,,,,,,,1,2014,,,,,,,,
13013568,10,V,2,2014,14.15,V,1,2014,10,V,1,2014,15.5,V,1,2014,11.1,V,1,2014,"14,725",V,1,2014,"12,579",V,2,2014,12,V,1,2014,"10,125",V,1,2014,10,V,2,2014,14.4,V,1,2014,11,V,1,2014,13.6,V,1,2014,"11,854",V,2,2014,,,,,,,,
13013566,10,V,2,2014,7,AC,2,2014,8.5,AC,2,2014,15.3,V,1,2014,9,AC,2,2014,"16,175",V,1,2014,"10,996",V,2,2014,7,AC,2,2014,7.25,AC,2,2014,10.1,V,1,2014,13.2,V,1,2014,14.75,V,1,2014,11.8,V,1,2014,"10,683",V,2,2014,,,,,,,,
13013574,,,,,,,,,,,,,13.9,V,1,2014,,,,,12.5,V,1,2014,,,1,2014,4.6,NRA,1,2014,,,,,15.2,V,1,2014,16.8,V,1,2014,8.5,NV,2,2014,,,,,,,1,2014,,,,,,,,
13013573,,,,,,,,,8.5,NV,2,2014,13.2,V,1,2014,,,,,"15,925",V,1,2014,,,1,2014,4.2,NRA,1,2014,"5,175",NV,2,2014,10,V,2,2014,16.2,V,1,2014,8,NV,2,2014,5.1,NV,2,2014,"8,113",NV,2,2014,,,,,,,,
13013575,11.8,V,1,2014,12.93,V,1,2014,7,AC,2,2014,17.4,V,1,2014,14.25,V,1,2014,"14,875",V,1,2014,"13,043",V,2,2014,0,NRA,1,2014,0,NRA,1,2014,0,NRA,1,2014,0,NRA,1,2014,0,NRA,1,2014,0,NRA,1,2014,0,NV,2,2014,,,,,,,,
13013587,10,V,2,2014,15.85,V,1,2014,10.8,V,1,2014,17.6,V,1,2014,18,V,1,2014,"18,425",V,1,2014,"15,113",V,2,2014,11.9,V,1,2014,15.8,V,1,2014,11.9,V,1,2014,17.7,V,1,2014,17,V,1,2014,11,V,1,2014,"14,217",V,1,2014,,,,,,,,
13013605,,,,,,,,,,,,,4.4,NRA,1,2014,,,,,0,NRA,1,2014,,,1,2014,,,,,,,,,,,,,,,,,0,NRA,1,2014,,,,,,,1,2014,,,,,,,,
13013604,7.25,AC,2,2014,10,V,2,2014,10.4,V,1,2014,13.2,V,1,2014,8.85,AC,2,2014,15.7,V,1,2014,10.9,V,2,2014,10,V,2,2014,"10,025",V,1,2014,10,V,2,2014,9.9,AC,2,2014,11,V,1,2014,9.1,AC,2,2014,"10,004",V,2,2014,,,,,,,,
13013633,,,,,,,,,,,,,12.8,V,1,2014,,,,,14,V,1,2014,,,1,2014,2.1,NRA,1,2014,,,,,7,NV,2,2014,,,,,10,V,1,2014,,,,,,,1,2014,,,,,,,,
13013681,10,V,2,2014,8.93,AC,2,2014,12.4,V,1,2014,15.9,V,1,2014,10.15,V,1,2014,"16,275",V,1,2014,"12,276",V,2,2014,9,AC,2,2014,"10,225",V,1,2014,10.1,V,1,2014,13.2,V,1,2014,11.25,V,1,2014,12.45,V,1,2014,"11,038",V,2,2014,,,,,,,,
13013689,11.9,V,1,2014,10,V,2,2014,10,V,1,2014,17.2,V,1,2014,13.35,V,1,2014,17.75,V,1,2014,"13,367",V,2,2014,15.2,V,1,2014,15.4,V,1,2014,11.4,V,1,2014,11.7,V,1,2014,13.5,V,1,2014,15.05,V,1,2014,"13,708",V,1,2014,,,,,,,,
13013691,,,,,,,,,,,,,9,NV,2,2014,,,,,11,V,1,2014,,,1,2014,,,,,,,,,,,,,,,,,4,NRA,1,2014,,,,,,,1,2014,,,,,,,,
13013701,9,AC,2,2014,13.63,V,1,2014,12.8,V,1,2014,15.9,V,1,2014,11.65,V,1,2014,13,V,1,2014,"12,663",V,2,2014,7,NV,2,2014,8,NV,2,2014,13.2,V,1,2014,17.1,V,1,2014,11.25,V,1,2014,,,,,,,1,2014,,,,,,,,
13013703,,,,,,,,,,,,,,,,,,,,,4,NRA,1,2014,,,1,2014,,,,,,,,,,,,,,,,,,,,,,,,,,,1,2014,,,,,,,,
13013722,,,,,,,,,9,NV,2,2014,11.2,V,1,2014,,,,,14.3,V,1,2014,,,1,2014,11.2,V,1,2014,13.85,V,1,2014,15.4,V,1,2014,16.8,V,1,2014,9.75,AC,2,2014,10.1,V,1,2014,12.85,V,2,2014,,,,,,,,
13013772,10,V,2,2014,16.45,V,1,2014,7,AC,2,2014,16.6,V,1,2014,12.05,V,1,2014,14.15,V,1,2014,"12,708",V,2,2014,2,NRA,1,2014,6.6,NV,2,2014,7.3,NV,2,2014,16.2,V,1,2014,3,NRA,1,2014,3.35,NRA,1,2014,"6,408",NV,2,2014,,,,,,,,
13013788,4.35,NRA,1,2014,5.45,NV,2,2014,3.8,NRA,1,2014,10,V,2,2014,8.45,NV,2,2014,14,V,1,2014,"7,675",NV,2,2014,4.4,NRA,1,2014,9,NV,2,2014,10,V,2,2014,16.5,V,1,2014,14.5,V,1,2014,3.4,NRA,1,2014,"9,633",NV,2,2014,,,,,,,,
13013839,,,,,,,,,,,,,10,V,2,2014,,,,,,,,,,,1,2014,,,,,,,,,,,,,,,,,,,,,,,,,,,1,2014,,,,,,,,
13013841,,,,,,,,,,,,,,,,,,,,,7.5,NV,2,2014,,,1,2014,,,,,,,,,,,,,,,,,,,,,,,,,,,1,2014,,,,,,,,
13013851,10,V,2,2014,10.33,V,1,2014,8,AC,2,2014,13.9,V,1,2014,10,V,2,2014,16.15,V,1,2014,"11,397",V,2,2014,7.8,AC,2,2014,"10,075",V,1,2014,11.6,V,1,2014,13.2,V,1,2014,13.75,V,1,2014,8.75,AC,2,2014,"10,863",V,2,2014,,,,,,,,
13013902,,,,,,,,,,,,,16.4,V,1,2014,,,,,12.5,V,1,2014,,,1,2014,5.2,NV,2,2014,,,,,10,V,2,2014,,,,,10,V,2,2014,,,,,,,1,2014,,,,,,,,
13013925,,,,,,,,,,,,,9,NV,2,2014,,,,,14.65,V,1,2014,,,1,2014,0,NRA,1,2014,,,,,6.3,NV,2,2014,16.8,V,1,2014,7.75,NV,2,2014,,,,,,,1,2014,,,,,,,,
13013927,,,,,,,,,8.5,NV,2,2014,13.4,V,1,2014,,,,,15.85,V,1,2014,,,1,2014,7,AC,2,2014,10,V,2,2014,10,V,2,2014,12.3,V,1,2014,12.5,V,1,2014,10,V,2,2014,10.3,V,2,2014,,,,,,,,
13013928,,,,,,,,,,,,,7,NV,2,2014,,,,,12.5,V,1,2014,,,1,2014,1,NRA,1,2014,,,,,8.5,NV,2,2014,10,V,2,2014,5.5,NV,2,2014,,,,,,,1,2014,,,,,,,,
13013929,,,,,,,,,7,NV,2,2014,14.9,V,1,2014,,,,,14.2,V,1,2014,,,1,2014,6.9,NV,2,2014,7,NV,2,2014,10,V,2,2014,12.6,V,1,2014,10,V,2,2014,4.3,NRA,1,2014,"8,467",NV,2,2014,,,,,,,,
13013931,,,,,,,,,,,,,6,NV,2,2014,,,,,12.25,V,1,2014,,,1,2014,,,,,,,,,,,,,,,,,4,NRA,1,2014,,,,,,,1,2014,,,,,,,,
13013932,,,,,,,,,,,,,,,,,,,,,13.95,V,1,2014,,,1,2014,3.2,NRA,1,2014,,,,,6.1,NV,2,2014,,,,,3,NRA,1,2014,,,,,,,1,2014,,,,,,,,
13013934,,,,,,,,,,,,,11.6,V,1,2014,,,,,13,V,1,2014,,,1,2014,,,,,,,,,5.4,NV,2,2014,,,,,4.5,NRA,1,2014,,,,,,,1,2014,,,,,,,,
13013935,,,,,,,,,,,,,,,,,,,,,13.75,V,1,2014,,,1,2014,.4,NRA,1,2014,,,,,2.1,NRA,1,2014,,,,,6,NV,2,2014,,,,,,,1,2014,,,,,,,,
13013936,,,,,,,,,,,,,5,NV,2,2014,,,,,13.6,V,1,2014,,,1,2014,0,NRA,1,2014,,,,,1.5,NRA,1,2014,,,,,3,NRA,1,2014,,,,,,,1,2014,,,,,,,,
13013937,,,,,,,,,,,,,15,V,1,2014,,,,,13.5,V,1,2014,,,1,2014,2.9,NRA,1,2014,,,,,10.1,V,1,2014,,,,,10.75,V,1,2014,,,,,,,1,2014,,,,,,,,
13013939,,,,,12.33,V,1,2014,3.8,NRA,1,2014,14.6,V,1,2014,,,,,12.5,V,1,2014,,,1,2014,10,V,2,2014,10,V,2,2014,10,V,2,2014,12.6,V,1,2014,13.25,V,1,2014,10,V,2,2014,"10,975",V,2,2014,,,,,,,,
13013940,,,,,,,,,,,,,,,,,,,,,14.6,V,1,2014,,,1,2014,5.4,NV,2,2014,,,,,9.3,NV,2,2014,14.7,V,1,2014,3.75,NRA,1,2014,,,,,,,1,2014,,,,,,,,
13013941,,,,,,,,,,,,,9,NV,2,2014,,,,,10,V,2,2014,,,1,2014,4.3,NRA,1,2014,,,,,7.5,NV,2,2014,,,,,4.75,NRA,1,2014,,,,,,,1,2014,,,,,,,,
13013942,10,V,2,2014,12.75,V,1,2014,9,NV,2,2014,14.4,V,1,2014,,,,,13.6,V,1,2014,,,1,2014,10,V,2,2014,10.45,V,1,2014,10,V,2,2014,9,AC,2,2014,14.25,V,1,2014,7,AC,2,2014,"10,117",V,2,2014,,,,,,,,
13013943,,,,,,,,,,,,,.8,NRA,1,2014,,,,,4.5,NRA,1,2014,,,1,2014,,,,,,,,,,,,,,,,,0,NRA,1,2014,,,,,,,1,2014,,,,,,,,
13013944,,,,,,,,,,,,,12.4,V,1,2014,,,,,12.5,V,1,2014,,,1,2014,1.2,NRA,1,2014,,,,,7.1,NV,2,2014,,,,,9,NV,2,2014,,,,,,,1,2014,,,,,,,,
13013945,,,,,,,,,,,,,12.8,V,1,2014,,,,,"14,675",V,1,2014,,,1,2014,1.2,NRA,1,2014,,,,,10,V,2,2014,,,,,10,V,1,2014,,,,,,,1,2014,,,,,,,,
13013946,8,AC,2,2014,10,V,2,2014,8.5,AC,2,2014,17.2,V,1,2014,9.35,AC,2,2014,13,V,1,2014,"11,008",V,2,2014,10,V,2,2014,"10,675",V,1,2014,10.9,V,1,2014,12.6,V,1,2014,12.25,V,1,2014,10,V,2,2014,"11,071",V,2,2014,,,,,,,,
13013950,,,,,,,,,4.6,NRA,1,2014,13.6,V,1,2014,,,,,14.2,V,1,2014,,,1,2014,6.8,NV,2,2014,7,NV,2,2014,11.5,V,1,2014,16.2,V,1,2014,12.75,V,1,2014,5.7,NV,2,2014,"9,992",NV,2,2014,,,,,,,,
13013958,,,,,,,,,11.8,V,1,2014,17.1,V,1,2014,,,,,15,V,1,2014,,,1,2014,7.7,AC,2,2014,13.1,V,1,2014,10.4,V,1,2014,11.7,V,1,2014,12.75,V,1,2014,10,V,2,2014,"10,942",V,2,2014,,,,,,,,
13013961,,,,,,,,,10.2,V,1,2014,15.7,V,1,2014,,,,,16.4,V,1,2014,,,1,2014,15.3,V,1,2014,"14,975",V,1,2014,"13,656",V,1,2014,13.8,V,1,2014,9,AC,2,2014,10,V,2,2014,"12,789",V,2,2014,,,,,,,,
13013967,15.1,V,1,2014,,,,,13.2,V,1,2014,17.3,V,1,2014,,,,,16.6,V,1,2014,,,1,2014,18,V,1,2014,18.2,V,1,2014,15.8,V,1,2014,17.4,V,1,2014,15,V,1,2014,13,V,1,2014,"16,233",V,1,2014,,,,,,,,
13013986,2.7,NRA,1,2014,8.15,NV,2,2014,5.6,NV,2,2014,14.5,V,1,2014,9.15,NV,2,2014,13.5,V,1,2014,"8,933",NV,2,2014,0,NRA,1,2014,0,NRA,1,2014,.6,NRA,1,2014,6.6,NV,2,2014,0,NRA,1,2014,,,,,,,1,2014,,,,,,,,
13014032,,,,,,,,,,,,,,,,,,,,,0,NRA,1,2014,,,1,2014,,,,,,,,,,,,,,,,,0,NRA,1,2014,,,,,,,1,2014,,,,,,,,
13014097,11.65,V,1,2014,14.25,V,1,2014,10,V,2,2014,14.3,V,1,2014,14.1,V,1,2014,13.5,V,1,2014,"12,967",V,2,2014,10.8,V,1,2014,10.65,V,1,2014,10.4,V,1,2014,12.6,V,1,2014,12.25,V,1,2014,10.05,V,1,2014,"11,125",V,1,2014,,,,,,,,
13014194,12.85,V,1,2014,13.7,V,1,2014,12,V,1,2014,17.7,V,1,2014,11.7,V,1,2014,"16,075",V,1,2014,"14,004",V,1,2014,10.2,V,1,2014,14.9,V,1,2014,12.5,V,1,2014,15.3,V,1,2014,12.5,V,1,2014,10.85,V,1,2014,"12,708",V,1,2014,,,,,,,,
13014216,12.8,V,1,2014,10,V,2,2014,9,AC,2,2014,13.7,V,1,2014,"11,475",V,1,2014,13.5,V,1,2014,"11,746",V,2,2014,9,AC,2,2014,10,V,2,2014,10,V,2,2014,15,V,1,2014,11.75,V,1,2014,13.05,V,1,2014,"11,467",V,2,2014,,,,,,,,
13014276,,,,,,,,,,,,,11.2,V,1,2014,,,,,4,NRA,1,2014,,,1,2014,,,,,,,,,,,,,,,,,0,NRA,1,2014,,,,,,,1,2014,,,,,,,,
13014299,,,,,,,,,,,,,13.6,V,1,2014,,,,,13.5,V,1,2014,,,1,2014,,,,,,,,,,,,,,,,,2.5,NRA,1,2014,,,,,,,1,2014,,,,,,,,
13014301,10,V,2,2014,10.13,V,1,2014,8.1,AC,2,2014,17.6,V,1,2014,11,V,1,2014,"15,175",V,1,2014,"12,001",V,2,2014,7.1,AC,2,2014,8,AC,2,2014,11.9,V,1,2014,15.3,V,1,2014,16.5,V,1,2014,7,AC,2,2014,"10,967",V,2,2014,,,,,,,,
13014302,,,,,,,,,4.4,NRA,1,2014,14,V,1,2014,,,,,14.75,V,1,2014,,,1,2014,8.8,AC,2,2014,14.25,V,1,2014,9.5,AC,2,2014,12.6,V,1,2014,9.25,AC,2,2014,10.1,V,1,2014,10.75,V,2,2014,,,,,,,,
13014313,9.5,AC,2,2014,10,V,2,2014,10.1,V,1,2014,14.6,V,1,2014,10,V,2,2014,16.4,V,1,2014,"11,767",V,2,2014,8.4,AC,2,2014,9.5,AC,2,2014,10,V,1,2014,11.4,V,1,2014,10,V,2,2014,7,AC,2,2014,"9,383",AC,2,2014,,,,,,,,
13014323,10,V,2,2014,10,V,2,2014,7.2,AC,2,2014,13.2,V,1,2014,10,V,2,2014,14,V,1,2014,"10,733",V,2,2014,7,AC,2,2014,"10,725",V,1,2014,11.2,V,1,2014,16.5,V,1,2014,9,AC,2,2014,9.35,AC,2,2014,"10,629",V,2,2014,,,,,,,,
13014332,,,,,,,,,,,,,11.2,V,1,2014,,,,,14.65,V,1,2014,,,1,2014,4.9,NRA,1,2014,,,,,10.9,V,1,2014,17.1,V,1,2014,14.25,V,1,2014,,,,,,,1,2014,,,,,,,,
13014358,,,,,,,,,,,,,10,V,1,2014,,,,,13.25,V,1,2014,,,1,2014,2,NRA,1,2014,,,,,1.8,NRA,1,2014,,,1,2014,10,V,1,2014,,,1,2014,,,1,2014,,,,,,,,
13014364,,,,,,,,,,,,,,,,,,,,,0,NRA,1,2014,,,1,2014,,,,,,,,,,,,,,,,,,,,,,,,,,,1,2014,,,,,,,,
13014481,,,,,,,,,,,,,4,NRA,1,2014,,,,,,,,,,,1,2014,4.6,NRA,1,2014,,,,,10,V,2,2014,,,,,10,V,2,2014,,,,,,,1,2014,,,,,,,,
13014482,,,,,,,,,,,,,13.1,V,1,2014,10,V,2,2014,13,V,1,2014,,,1,2014,2.2,NRA,1,2014,9,NV,2,2014,8.3,NV,2,2014,,,,,9.5,NV,2,2014,,,,,,,1,2014,,,,,,,,
13014483,10,V,2,2014,12.2,V,1,2014,10,V,2,2014,17.2,V,1,2014,15.25,V,1,2014,17.3,V,1,2014,"13,658",V,2,2014,12.4,V,1,2014,13.15,V,1,2014,17.5,V,1,2014,17.1,V,1,2014,13,V,1,2014,12.3,V,1,2014,"14,242",V,1,2014,,,,,,,,
13014508,12.85,V,1,2014,12.5,V,1,2014,10,V,2,2014,16.8,V,1,2014,15.45,V,1,2014,"16,425",V,1,2014,"14,004",V,2,2014,10,V,2,2014,"12,925",V,1,2014,10.8,V,1,2014,13.2,V,1,2014,12,V,1,2014,12.2,V,1,2014,"11,854",V,2,2014,,,,,,,,
13014535,,,,,,,,,,,,,"10,004",V,1,2014,,,,,10,V,2,2014,,,1,2014,7.2,NV,2,2014,,,,,3.5,NRA,1,2014,,,,,9,NV,2,2014,,,,,,,1,2014,,,,,,,,
13014537,7,AC,2,2014,12.68,V,1,2014,10,V,1,2014,14,V,1,2014,11.25,V,1,2014,15.6,V,1,2014,"11,755",V,2,2014,8.9,AC,2,2014,10,V,2,2014,12.5,V,1,2014,12,V,1,2014,12.75,V,1,2014,8,AC,2,2014,"10,692",V,2,2014,,,,,,,,
13014539,,,,,,,,,,,,,8.5,NV,2,2014,,,,,13.5,V,1,2014,,,1,2014,0,NRA,1,2014,,,,,,,,,,,,,10,V,2,2014,,,,,,,1,2014,,,,,,,,
13014540,,,,,,,,,,,,,,,,,,,,,13.2,V,1,2014,,,1,2014,.4,NRA,1,2014,,,,,4,NRA,1,2014,,,,,9,NV,2,2014,,,,,,,1,2014,,,,,,,,
13014542,10.35,V,1,2014,10.48,V,1,2014,8,AC,2,2014,12.9,V,1,2014,12.85,V,1,2014,"14,125",V,1,2014,"11,451",V,2,2014,7,AC,2,2014,10,V,2,2014,12.5,V,1,2014,11.1,V,1,2014,10,V,2,2014,10,V,2,2014,10.1,V,2,2014,,,,,,,,
13014647,,,,,,,,,,,,,13.4,V,1,2014,,,,,12.5,V,1,2014,,,1,2014,5,NV,2,2014,,,,,10,V,2,2014,,,,,2.75,NRA,1,2014,,,,,,,1,2014,,,,,,,,
13014660,,,,,,,,,,,,,3.2,NRA,1,2014,,,,,13.5,V,1,2014,,,1,2014,1.2,NRA,1,2014,,,,,5.2,NV,2,2014,,,,,3.25,NRA,1,2014,,,,,,,1,2014,,,,,,,,
13014676,12.95,V,1,2014,10.88,V,1,2014,7,AC,2,2014,14.7,V,1,2014,10.9,V,1,2014,"15,725",V,1,2014,"12,026",V,2,2014,8.6,AC,2,2014,7,AC,2,2014,7,AC,2,2014,13.5,V,1,2014,7.75,AC,2,2014,10.15,V,1,2014,9,AC,2,2014,,,,,,,,
13014714,12.1,V,1,2014,18.85,V,1,2014,10.8,V,1,2014,18,V,1,2014,13.65,V,1,2014,15.3,V,1,2014,"14,783",V,1,2014,17,V,1,2014,"14,625",V,1,2014,13.7,V,1,2014,17.7,V,1,2014,14.25,V,1,2014,10.45,V,1,2014,"14,621",V,1,2014,,,,,,,,
13014730,,,,,10,V,2,2014,10,V,1,2014,14.4,V,1,2014,,,,,14,V,1,2014,,,1,2014,9,AC,2,2014,"10,175",V,1,2014,10,V,2,2014,9,AC,2,2014,15.25,V,1,2014,11.45,V,1,2014,"10,813",V,2,2014,,,,,,,,
13014997,10,V,2,2014,15.48,V,1,2014,7.3,AC,2,2014,14.3,V,1,2014,11.35,V,1,2014,15.1,V,1,2014,"12,255",V,2,2014,5.8,NV,2,2014,"10,925",V,1,2014,3.4,NRA,1,2014,8.7,NV,2,2014,10.5,V,1,2014,3.8,NRA,1,2014,"7,188",NV,2,2014,,,,,,,,
13015000,11.6,V,1,2014,15.18,V,1,2014,10.4,V,1,2014,17.4,V,1,2014,15.5,V,1,2014,"16,675",V,1,2014,"14,459",V,1,2014,16.3,V,1,2014,"16,325",V,1,2014,14.1,V,1,2014,15,V,1,2014,18,V,1,2014,14.15,V,1,2014,"15,646",V,1,2014,,,,,,,,
13015001,10,V,2,2014,14.03,V,1,2014,10,V,2,2014,17.7,V,1,2014,10.3,V,1,2014,16.8,V,1,2014,"13,138",V,2,2014,11.4,V,1,2014,"12,475",V,1,2014,14.16,V,1,2014,14.1,V,1,2014,16.5,V,1,2014,11.75,V,1,2014,"13,398",V,1,2014,,,,,,,,
13015003,8,NV,2,2014,10,V,2,2014,10.2,V,1,2014,12,V,1,2014,,,,,14.7,V,1,2014,,,1,2014,12.8,V,1,2014,11.45,V,1,2014,13,V,1,2014,7.5,AC,2,2014,13.75,V,1,2014,10.05,V,1,2014,"11,425",V,2,2014,,,,,,,,
13015012,,,,,,,,,,,,,11.5,V,1,2014,,,,,13.1,V,1,2014,,,1,2014,4.8,NRA,1,2014,,,,,10.1,V,1,2014,16.2,V,1,2014,11,V,1,2014,,,,,,,1,2014,,,,,,,,
13015013,,,,,,,,,,,,,14.3,V,1,2014,,,,,14.5,V,1,2014,,,1,2014,,,,,,,,,,,,,,,,,,,,,,,,,,,1,2014,,,,,,,,
13015042,13.5,V,1,2014,13.2,V,1,2014,12.4,V,1,2014,16.2,V,1,2014,17.05,V,1,2014,16.45,V,1,2014,14.8,V,1,2014,13.5,V,1,2014,15.85,V,1,2014,14.1,V,1,2014,13.8,V,1,2014,14.75,V,1,2014,16.75,V,1,2014,"14,792",V,1,2014,,,,,,,,
13015282,8,NV,2,2014,,,,,10,V,2,2014,10.8,V,1,2014,,,,,"14,075",V,1,2014,,,1,2014,5,NV,2,2014,10,V,2,2014,7.5,NV,2,2014,8.4,NV,2,2014,10.75,V,1,2014,5.65,NV,2,2014,"7,883",NV,2,2014,,,,,,,,
13015437,,,,,,,,,,,,,11,V,1,2014,,,,,,,,,,,1,2014,8.6,NV,2,2014,,,,,12.7,V,1,2014,13.2,V,1,2014,10,V,2,2014,,,,,,,1,2014,,,,,,,,
13015715,11.3,V,1,2014,10.5,V,1,2014,10,V,2,2014,14.6,V,1,2014,13.2,V,1,2014,16,V,1,2014,12.6,V,2,2014,10,V,2,2014,"12,425",V,1,2014,10.3,V,1,2014,13.75,V,1,2014,13.25,V,1,2014,10,V,2,2014,"11,621",V,2,2014,,,,,,,,
13015756,,,,,,,,,,,,,10.2,V,1,2014,,,,,13.05,V,1,2014,,,1,2014,.8,NRA,1,2014,,,,,3.7,NRA,1,2014,,,,,3.5,NRA,1,2014,,,,,,,1,2014,,,,,,,,
13016272,,,,,,,,,,,,,10,V,1,2014,,,,,13.6,V,1,2014,,,1,2014,6.6,NV,2,2014,,,,,10.1,V,1,2014,,,,,10,V,2,2014,,,,,,,1,2014,,,,,,,,
13016449,,,,,,,,,,,,,,,,,,,,,"14,175",V,1,2014,,,1,2014,2.6,NRA,1,2014,,,,,13.6,V,1,2014,12.3,V,1,2014,10,V,2,2014,,,,,,,1,2014,,,,,,,,
13016662,10,V,2,2014,14.58,V,1,2014,10,V,1,2014,17.3,V,1,2014,18,V,1,2014,15,V,1,2014,"14,147",V,2,2014,7,AC,2,2014,10,V,2,2014,10.7,V,1,2014,14.1,V,1,2014,13,V,1,2014,7,AC,2,2014,10.3,V,2,2014,,,,,,,,


