COD_ETU,Note : TLMI4104,Résultat : TLMI4104,Session : TLMI4104,Année : TLMI4104,Note : TLMI4204,Résultat : TLMI4204,Session : TLMI4204,Année : TLMI4204,Note : TLMI4304,Résultat : TLMI4304,Session : TLMI4304,Année : TLMI4304,Note : TLMI4404,Résultat : TLMI4404,Session : TLMI4404,Année : TLMI4404,Note : TLMI4504,Résultat : TLMI4504,Session : TLMI4504,Année : TLMI4504,Note : TLMI4604,Résultat : TLMI4604,Session : TLMI4604,Année : TLMI4604,Note : TLMI4004,Résultat : TLMI4004,Session : TLMI4004,Année : TLMI4004,Note : TLMI3104,Résultat : TLMI3104,Session : TLMI3104,Année : TLMI3104,Note : TLMI3204,Résultat : TLMI3204,Session : TLMI3204,Année : TLMI3204,Note : TLMI3304,Résultat : TLMI3304,Session : TLMI3304,Année : TLMI3304,Note : TLMI3404,Résultat : TLMI3404,Session : TLMI3404,Année : TLMI3404,Note : TLMI3504,Résultat : TLMI3504,Session : TLMI3504,Année : TLMI3504,Note : TLMI3604,Résultat : TLMI3604,Session : TLMI3604,Année : TLMI3604,Note : TLMI3004,Résultat : TLMI3004,Session : TLMI3004,Année : TLMI3004
16000233,15.25,V,1,2019,12.3,V,1,2019,17,V,1,2019,10,V,1,2019,14,V,1,2019,10.35,V,1,2018,13.15,V,1,2019,10,V,2,2019,10,V,2,2019,10,V,2,2019,10,V,2,2018,13,V,1,2018,15.5,V,1,2018,11417,V,2,2019
16000322,14.5,V,1,2019,10.15,V,1,2019,13.5,V,1,2019,10,V,2,2019,12,V,1,2019,11.05,V,1,2017,11867,V,2,2019,7.5,AC,2,2019,10.8,V,1,2019,7,AC,2,2019,10,V,1,2018,12825,V,1,2018,11875,V,1,2018,10,V,2,2019
16000386,0,NV,2,2019,0,NV,2,2019,0,NV,2,2019,0,NV,2,2019,0,NV,2,2019,0,NV,2,2019,0,NV,2,2019,0,NRA,1,2019,0,NRA,1,2019,0,NRA,1,2019,0,NRA,1,2019,0,NRA,1,2019,0,NRA,1,2019,0,NV,2,2019
16000603,10,V,2,2018,11138,V,1,2019,13,V,1,2019,10,V,2,2019,13,V,1,2019,13,V,1,2019,11.69,V,2,2019,4.25,NRA,1,2019,9,NV,2,2019,10,V,2,2019,10,V,2,2019,10,V,2,2019,10125,V,1,2018,8896,NV,2,2019
16000636,10.75,V,1,2018,10225,V,1,2018,15,V,1,2019,10,V,1,2019,13,V,1,2019,17,V,1,2019,12663,V,1,2019,3.8,NRA,1,2019,3.8,NRA,1,2019,2.6,NRA,1,2019,8.5,NV,2,2019,,,,,12875,V,1,2018,,,1,2019
16000831,10,V,2,2018,10,V,2,2017,10,V,2,2018,10,V,2,2018,8.5,AC,2,2018,12.35,V,1,2017,10142,V,2,2018,10,V,2,2019,9,NV,2,2019,10,V,2,2019,6,NV,2,2019,10375,V,1,2018,10,V,2,2017,9229,NV,2,2019
16000862,10,V,2,2017,0,NV,2,2019,0,NV,2,2019,0,NV,2,2019,0,NV,2,2019,15.8,V,1,2017,4.3,NV,2,2019,0,NRA,1,2019,0,NRA,1,2019,0,NRA,1,2019,19375,V,1,2017,11.8,V,1,2017,12625,V,1,2017,7.3,NV,2,2019
16000866,10,V,2,2017,10,V,1,2018,11,V,1,2019,10,V,2,2018,15,V,1,2019,11.6,V,1,2017,11267,V,1,2019,10.1,V,1,2018,4.8,NRA,1,2019,1.8,NRA,1,2019,14.75,V,1,2017,10,V,2,2017,12,V,1,2017,8908,NV,2,2019
16000970,10,V,2,2018,10,V,2,2019,12,V,1,2019,10,V,2,2018,15,V,1,2019,10,V,2,2017,11167,V,2,2019,11.75,V,1,2019,2.2,NRA,1,2019,7,NV,2,2019,11.25,V,1,2017,10.6,V,1,2018,12.25,V,1,2017,9175,NV,2,2019
16001078,10,V,2,2017,11.75,V,1,2018,8,AC,2,2018,8,AC,2,2018,10,V,2,2018,12.8,V,1,2017,10092,V,2,2018,8,AC,2,2019,11,V,1,2019,11.4,V,1,2019,10.25,V,1,2017,10424,V,1,2019,14.5,V,1,2017,10929,V,2,2019
16001082,0,NV,2,2019,0,NV,2,2019,0,NV,2,2019,0,NV,2,2019,0,NV,2,2019,0,NV,2,2019,0,NV,2,2019,0,NRA,1,2019,0,NRA,1,2019,0,NRA,1,2019,0,NRA,1,2019,0,NRA,1,2019,0,NRA,1,2019,0,NV,2,2019
16001090,10,V,1,2018,11099,V,1,2017,13,V,1,2019,10,V,1,2018,15,V,1,2019,12.45,V,1,2017,11925,V,1,2019,10,V,2,2019,7,AC,2,2019,7,AC,2,2019,10.5,V,1,2017,10,V,2,2018,15875,V,1,2017,10063,V,2,2019
16001153,11.25,V,1,2019,10,V,2,2019,10,V,2,2019,11,V,1,2019,13,V,1,2019,10,V,2,2019,10875,V,2,2019,0,NRA,1,2019,0,NRA,1,2019,0,NRA,1,2019,0,NRA,1,2019,10,V,2,2018,10.5,V,1,2018,3417,NV,2,2019
16001233,,,,,,,,,,,,,,,,,10,V,2,2019,14,V,1,2019,,,1,2019,,,,,5.8,NV,2,2019,3.2,NRA,1,2019,12.5,V,1,2019,10,V,2,2019,10,V,2,2018,,,1,2019
16001288,11.25,V,1,2019,11525,V,1,2018,16,V,1,2019,10,V,1,2019,15,V,1,2019,10,V,2,2017,12296,V,1,2019,11.7,V,1,2019,10,V,2,2019,9.3,AC,2,2019,13.5,V,1,2017,10575,V,1,2018,10,V,2,2017,10846,V,2,2019
16001328,,,,,10,V,2,2019,,,,,15,V,1,2019,15,V,1,2019,10.25,V,1,2017,,,1,2019,2.8,NRA,1,2019,1.6,NRA,1,2019,1.2,NRA,1,2019,17.75,V,1,2017,3.6,NRA,1,2019,10,V,2,2017,6158,NV,2,2019
16001346,10,V,2,2018,10.3,V,1,2018,16,V,1,2019,15,V,1,2019,10,V,2,2018,10.4,V,1,2018,11.95,V,1,2019,8.8,AC,2,2019,10.4,V,1,2019,7.1,AC,2,2019,15,V,1,2017,11125,V,1,2018,10,V,1,2017,10404,V,2,2019
16001358,10,V,2,2019,10,V,2,2019,11,V,1,2019,,,,,14,V,1,2019,,,,,,,1,2019,10.9,V,1,2019,10,V,1,2018,6.3,NV,2,2019,10,V,2,2018,11176,V,1,2019,10,V,2,2018,9729,NV,2,2019
16001418,14.25,V,1,2019,10,V,2,2019,7,AC,2,2019,10.5,V,1,2018,13,V,1,2019,11,V,1,2019,10958,V,2,2019,10,V,2,2019,4,NRA,1,2019,1.6,NRA,1,2019,19.5,V,1,2017,10,V,2,2019,11,V,1,2019,9.35,NV,2,2019
16001447,10.75,V,1,2017,14001,V,1,2017,12,V,1,2019,11.5,V,1,2018,11.1,V,1,2018,12.55,V,1,2017,11984,V,1,2019,13.4,V,1,2018,9.4,AC,2,2019,11.4,V,1,2019,16,V,1,2017,13.5,V,1,2018,11875,V,1,2017,12596,V,2,2019
16001455,11.25,V,1,2019,11875,V,1,2018,11,V,1,2019,10,V,1,2018,14.1,V,1,2018,10.4,V,1,2017,11438,V,1,2019,9.1,AC,2,2018,9,AC,2,2018,10.85,V,1,2018,11.25,V,1,2017,15.25,V,1,2018,12.25,V,1,2017,11283,V,2,2018
16001511,10,V,2,2018,10,V,2,2018,9,AC,2,2019,10,V,1,2018,10,V,2,2018,10,V,2,2017,9833,AC,2,2019,10,V,2,2018,10,V,2,2018,7,AC,2,2019,10,V,2,2018,13525,V,1,2018,10,V,2,2017,10088,V,2,2019
16001529,10,V,2,2019,12.55,V,1,2019,10,V,2,2019,10,V,1,2019,,,,,10,V,2,2017,,,1,2019,4.2,NRA,1,2019,3.6,NRA,1,2019,3,NRA,1,2019,10,V,2,2017,10.6,V,1,2018,11.75,V,1,2017,7192,NV,2,2019
16001661,10.75,V,1,2017,0,NV,2,2019,0,NV,2,2019,0,NV,2,2019,0,NV,2,2019,0,NV,2,2019,1792,NV,2,2019,0,NRA,1,2019,0,NRA,1,2019,0,NRA,1,2019,10,V,2,2017,10.55,V,1,2017,10,V,2,2018,5092,NV,2,2019
16001899,10,V,2,2018,12.15,V,1,2018,12,V,1,2019,12,V,1,2019,13,V,1,2019,10,V,2,2017,11525,V,1,2019,10,V,2,2019,12.8,V,1,2019,7.2,AC,2,2019,10,V,2,2018,10,V,2,2018,10,V,2,2017,10,V,2,2019
16001999,10,V,2,2019,10,V,1,2019,,,,,10,V,2,2019,12.5,V,1,2019,10.45,V,1,2017,,,1,2019,2.8,NRA,1,2019,1.8,NRA,1,2019,1.1,NRA,1,2019,10,V,2,2018,10,V,2,2019,14.5,V,1,2017,6.7,NV,2,2019
16002056,0,NV,2,2019,12.6,V,1,2018,0,NV,2,2019,0,NV,2,2019,0,NV,2,2019,13.6,V,1,2017,4367,NV,2,2019,4,NRA,1,2019,11.8,V,1,2019,,,,,10,V,1,2017,10,V,2,2019,15125,V,1,2017,,NV,2,2019
16003729,10,V,2,2018,13.53,V,1,2017,10,V,1,2019,12,V,1,2019,10,V,2,2018,14.2,V,1,2017,11622,V,1,2019,7.5,AC,2,2018,10,V,2,2018,8.75,AC,2,2018,16.75,V,1,2017,10,V,2,2018,15375,V,1,2017,11396,V,2,2018
16004163,11.45,V,1,2018,13.95,V,1,2019,,,,,12,V,1,2019,13,V,1,2019,13.35,V,1,2017,,,1,2019,4.75,NRA,1,2019,2.4,NRA,1,2019,7.5,NV,2,2019,15.75,V,1,2017,10075,V,1,2018,10,V,2,2018,8413,NV,2,2019
16005397,10,V,2,2018,10,V,2,2019,11.5,V,1,2019,10,V,2,2019,13,V,1,2019,13,V,1,2019,11.25,V,2,2019,,,,,10.8,V,1,2019,,,,,8,NV,2,2019,10662,V,1,2019,11875,V,1,2018,,,1,2019
16005554,11.25,V,1,2019,,,,,,,,,7,NV,2,2019,,,,,10,V,2,2017,,,1,2019,,,,,,,,,0,NRA,1,2019,0,NRA,1,2019,1.8,NRA,1,2019,16.25,V,1,2017,,,1,2019
17000924,13.5,V,1,2019,12.05,V,1,2019,,,,,10,V,1,2019,14,V,1,2019,10,V,2,2018,,,1,2019,3.6,NRA,1,2019,,,,,,,,,7,NV,2,2019,10.8,V,1,2019,13.75,V,1,2018,,,1,2019
17001986,12.1,V,1,2018,10,V,1,2018,7.5,AC,2,2018,10,V,2,2018,11.8,V,1,2018,10,V,2,2018,10233,V,2,2018,8.25,AC,2,2019,10,V,2,2019,7.2,AC,2,2019,10.55,V,1,2018,11.9,V,1,2018,13.75,V,1,2018,10275,V,2,2019
17002059,,,,,10,V,2,2019,,,,,3,NV,2,2019,,,,,,,,,,,1,2019,2.9,NRA,1,2019,,,,,.2,NRA,1,2019,12.95,V,1,2018,10,V,2,2019,10,V,2,2018,,,1,2019
17002180,11.5,V,1,2019,11763,V,1,2019,15,V,1,2019,12,V,1,2019,17,V,1,2019,16,V,1,2019,13877,V,1,2019,10.75,V,1,2019,11.2,V,1,2019,11.3,V,1,2019,15.5,V,1,2019,10826,V,1,2019,14,V,1,2019,12263,V,1,2019
17002457,10.25,V,1,2019,10388,V,1,2019,10,V,1,2019,10,V,1,2019,17.5,V,1,2019,10,V,2,2018,11356,V,1,2019,,,,,,,,,,,,,6,NV,2,2019,10,V,2,2019,10,V,1,2018,,,1,2019
17004263,11.35,V,1,2018,10,V,2,2019,,,,,,,,,7.5,NV,2,2019,11,V,1,2019,,,1,2019,10,V,2,2018,3.4,NRA,1,2019,12.3,V,1,2019,7,NV,2,2019,14.1,V,1,2019,12.5,V,1,2019,9883,NV,2,2019
17004774,11.5,V,1,2019,1125,NV,2,2019,,,,,13,V,1,2019,8,NV,2,2019,10,V,2,2019,,,1,2019,1.7,NRA,1,2019,4.8,NRA,1,2019,3.9,NRA,1,2019,5,NV,2,2019,10,V,2,2019,10,V,2,2018,5.9,NV,2,2019
17004781,13.25,V,1,2019,8.6,AC,2,2019,10,V,2,2019,14,V,1,2019,8,AC,2,2019,12,V,1,2019,10975,V,2,2019,8.35,AC,2,2019,7,AC,2,2019,10.8,V,1,2019,13.4,V,1,2018,13.3,V,1,2019,13375,V,1,2018,11038,V,2,2019
17005128,12,V,1,2019,12113,V,1,2019,13,V,1,2019,10,V,1,2018,12.3,V,1,2018,11.6,V,1,2018,11836,V,1,2019,9.05,AC,2,2019,7,AC,2,2019,10.1,V,1,2019,13.4,V,1,2018,15.7,V,1,2018,11.25,V,1,2018,11083,V,2,2019
17005358,12.5,V,1,2019,11.35,V,1,2018,17,V,1,2019,15,V,1,2019,11.8,V,1,2018,13.2,V,1,2018,13475,V,1,2019,11.8,V,1,2019,8.2,AC,2,2019,13.1,V,1,2019,10,V,2,2018,13,V,1,2018,15375,V,1,2018,11913,V,2,2019
17005517,10.85,V,1,2018,10,V,2,2018,11,V,1,2019,10,V,2,2019,13,V,1,2019,15.15,V,1,2018,11667,V,2,2019,7,AC,2,2019,12.4,V,1,2019,10,V,2,2019,11.6,V,1,2018,12362,V,1,2019,15125,V,1,2018,11415,V,2,2019
17005562,12.25,V,1,2019,7625,AC,2,2019,10,V,2,2019,11,V,1,2019,10,V,2,2019,13,V,1,2019,10646,V,2,2019,7,AC,2,2019,10,V,2,2019,7,AC,2,2019,10,V,2,2019,10938,V,1,2019,11.75,V,1,2018,9448,AC,2,2019
17005726,0,NV,2,2019,0,NV,2,2019,,,,,0,NV,2,2019,0,NV,2,2019,10,V,2,2018,,,1,2019,3.45,NRA,1,2019,8.8,NV,2,2019,3.4,NRA,1,2019,10,V,2,2018,10,V,2,2018,11.25,V,1,2018,7817,NV,2,2019
17005751,13.5,V,1,2019,11.45,V,1,2019,,,,,10,V,1,2019,15.5,V,1,2019,10,V,2,2018,,,1,2019,4.25,NRA,1,2019,3.8,NRA,1,2019,3.4,NRA,1,2019,12.35,V,1,2018,12788,V,1,2019,11875,V,1,2018,8077,NV,2,2019
17005961,10,V,2,2018,15,V,1,2018,11,V,1,2019,10,V,1,2018,10.9,V,1,2018,13.4,V,1,2018,11717,V,1,2019,8.5,AC,2,2019,10,V,2,2019,9.1,AC,2,2019,10,V,2,2018,11.65,V,1,2018,14625,V,1,2018,10646,V,2,2019
17005966,0,NV,2,2019,0,NV,2,2019,0,NV,2,2019,0,NV,2,2019,0,NV,2,2019,0,NV,2,2019,0,NV,2,2019,0,NRA,1,2019,0,NRA,1,2019,0,NRA,1,2019,0,NRA,1,2019,0,NRA,1,2019,0,NRA,1,2019,0,NV,2,2019
17005967,12,V,1,2019,10,V,2,2018,14,V,1,2019,10,V,1,2018,11,V,1,2019,10.35,V,1,2018,11225,V,1,2019,11.15,V,1,2019,8.8,AC,2,2019,10.6,V,1,2018,11,V,1,2019,12762,V,1,2019,10625,V,1,2018,10823,V,2,2019
17005992,13.5,V,1,2019,13838,V,1,2019,18,V,1,2019,12,V,1,2019,17,V,1,2019,10,V,2,2018,14056,V,1,2019,7,AC,2,2019,7,AC,2,2019,10.2,V,1,2019,12.5,V,1,2019,12412,V,1,2019,13,V,1,2018,10352,V,2,2019
17006009,,,,,,,,,,,,,,,,,10,V,1,2019,10,V,1,2019,,,1,2019,,,,,,,,,1.9,NRA,1,2019,15.5,V,1,2019,2488,NRA,1,2019,10,V,2,2018,,,1,2019
17006032,10.65,V,1,2018,10,V,2,2019,,,,,,,,,13,V,1,2019,11,V,1,2019,,,1,2019,10.05,V,1,2019,10.8,V,1,2019,11,V,1,2019,14.5,V,1,2019,13886,V,1,2019,11.25,V,1,2019,11914,V,1,2019
17006145,14.25,V,1,2019,10588,V,1,2019,9,AC,2,2019,13,V,1,2019,13,V,1,2019,10.05,V,1,2018,11648,V,2,2019,10,V,2,2019,7,AC,2,2019,10,V,2,2019,14,V,1,2019,12876,V,1,2019,10,V,2,2018,10646,V,2,2019
17006167,14,V,1,2019,12.5,V,1,2018,10,V,2,2019,13,V,1,2019,7,AC,2,2019,12,V,1,2019,11417,V,2,2019,8.15,AC,2,2019,8,AC,2,2019,10,V,2,2018,13.5,V,1,2019,13.2,V,1,2018,13.25,V,1,2019,11017,V,2,2019
17006189,13,V,1,2018,10,V,2,2018,19,V,1,2019,11,V,1,2019,17,V,1,2019,13,V,1,2019,13833,V,1,2019,9.55,AC,2,2019,8.2,AC,2,2019,10,V,2,2019,10.4,V,1,2018,10562,V,1,2019,10125,V,1,2018,9806,AC,2,2019
17006191,11.25,V,1,2019,10113,V,1,2019,7,AC,2,2019,13,V,1,2019,13,V,1,2019,15,V,1,2019,11561,V,2,2019,9.2,AC,2,2019,10,V,2,2019,10,V,2,2018,8,AC,2,2019,12.85,V,1,2018,10,V,2,2018,10008,V,2,2019
17006196,,,,,,,,,,,,,,,,,,,,,,,,,,,1,2019,,,,,,,,,,,,,10,V,2,2018,0,NRA,1,2019,4.75,NRA,1,2019,,,1,2019
17006197,,,,,,,,,,,,,,,,,0,NV,2,2019,0,NV,2,2019,,,1,2019,0,NRA,1,2019,,,,,,,,,0,NRA,1,2019,,,,,0,NRA,1,2019,,,1,2019
17006200,0,NV,2,2019,0,NV,2,2019,0,NV,2,2019,0,NV,2,2019,0,NV,2,2019,10,V,2,2018,1667,NV,2,2019,4.7,NRA,1,2019,4,NRA,1,2019,2,NRA,1,2019,10.8,V,1,2018,10,V,2,2019,10,V,2,2018,6917,NV,2,2019
17006271,12.5,V,1,2019,12,V,1,2019,,,,,11,V,1,2019,,,,,11.8,V,1,2018,,,1,2019,3.65,NRA,1,2019,,,,,,,,,12.5,V,1,2019,13.45,V,1,2019,13.25,V,1,2018,,,1,2019
17006279,10.6,V,1,2018,10.9,V,1,2018,10.3,V,1,2018,14.5,V,1,2018,8.5,AC,2,2018,9,AC,2,2018,10633,V,2,2018,7,AC,2,2019,13.4,V,1,2019,10,V,2,2018,16.4,V,1,2018,10,V,2,2018,10,V,2,2018,11133,V,2,2019
17006281,10,V,1,2019,8675,AC,2,2019,11,V,1,2019,12,V,1,2019,10.9,V,1,2018,13,V,1,2019,10929,V,2,2019,8,AC,2,2019,10,V,2,2018,10,V,2,2019,14.7,V,1,2018,11.9,V,1,2019,11,V,1,2018,10933,V,2,2019
17006283,10,V,2,2019,,,,,,,,,,,,,,,,,11,V,1,2019,,,1,2019,,,,,,,,,,,,,0,NRA,1,2019,0,NRA,1,2019,0,NRA,1,2019,,,1,2019
17006290,10,V,2,2019,11.75,V,1,2018,17,V,1,2019,10,V,2,2019,14,V,1,2019,10.4,V,1,2018,12192,V,2,2019,10,V,2,2018,7,AC,2,2019,10.05,V,1,2019,10,V,2,2018,13425,V,1,2018,12.5,V,1,2018,10496,V,2,2019
17006296,11,V,1,2019,11875,V,1,2019,14,V,1,2019,10,V,1,2019,14,V,1,2019,12.7,V,1,2018,12263,V,1,2019,7,AC,2,2019,10,V,2,2019,10,V,2,2018,19.2,V,1,2018,11662,V,1,2019,10625,V,1,2018,11415,V,2,2019
17006299,11.5,V,1,2019,10838,V,1,2019,10,V,2,2019,10,V,2,2019,17,V,1,2019,14,V,1,2019,12223,V,2,2019,7,AC,2,2019,10.8,V,1,2019,10,V,1,2019,11,V,1,2019,15518,V,1,2019,15.25,V,1,2018,11595,V,2,2019
17006302,10.6,V,1,2018,10,V,2,2018,12,V,1,2019,10,V,1,2018,10.05,V,1,2018,11.4,V,1,2018,10675,V,1,2019,10,V,2,2018,10.6,V,1,2019,10,V,2,2018,15.4,V,1,2018,13425,V,1,2018,10,V,2,2018,11571,V,1,2019
17006307,10,V,2,2018,13225,V,1,2019,13,V,1,2019,13,V,1,2019,10.7,V,1,2018,14,V,1,2018,12321,V,1,2019,10,V,2,2019,2.8,NRA,1,2019,7.45,NV,2,2019,10,V,2,2018,12675,V,1,2018,15.75,V,1,2018,9779,NV,2,2019
17006316,,,,,,,,,,,,,10,V,2,2019,,,,,17.8,V,1,2019,,,1,2019,2.75,NRA,1,2019,2.6,NRA,1,2019,9,NV,2,2019,7.5,NV,2,2019,10.15,V,1,2019,10,V,1,2018,7,NV,2,2019
17006323,11.35,V,1,2018,11.3,V,1,2018,9,AC,2,2019,10,V,1,2019,10.4,V,1,2018,11,V,1,2019,10508,V,2,2019,8.85,AC,2,2019,10,V,2,2019,10,V,2,2018,10.2,V,1,2018,15.1,V,1,2018,14125,V,1,2018,11379,V,2,2019
17006327,10,V,2,2019,0,NV,2,2019,,,,,7,NV,2,2019,10,V,1,2019,10,V,2,2018,,,1,2019,8.6,NV,2,2019,8,NV,2,2019,1.6,NRA,1,2019,10,V,2,2018,9,NV,2,2019,10,V,2,2018,7867,NV,2,2019
17006334,16.25,V,1,2019,10,V,1,2018,7,AC,2,2019,12,V,1,2019,12,V,1,2018,15.65,V,1,2018,12.15,V,2,2019,8.55,AC,2,2019,14.2,V,1,2019,10,V,2,2019,10.4,V,1,2018,12.55,V,1,2018,16.25,V,1,2018,11992,V,2,2019
17006339,13.5,V,1,2019,12763,V,1,2019,17,V,1,2019,10,V,2,2019,17,V,1,2019,15,V,1,2019,14211,V,2,2019,4.15,NRA,1,2019,10,V,2,2019,5,NV,2,2019,6.5,NV,2,2019,11362,V,1,2019,10.5,V,1,2018,7919,NV,2,2019
17006343,11.3,V,1,2018,12338,V,1,2019,10,V,1,2019,13,V,1,2019,13,V,1,2019,10,V,2,2018,11606,V,1,2019,14,V,1,2019,7,AC,2,2019,10,V,2,2019,10.7,V,1,2018,10726,V,1,2019,10.25,V,1,2019,10446,V,2,2019
17006344,12.2,V,1,2018,10,V,1,2018,8,AC,2,2018,8,AC,2,2018,13.2,V,1,2018,10,V,2,2018,10233,V,2,2018,9.4,AC,2,2019,7.9,AC,2,2019,11.5,V,1,2019,10,V,2,2019,10.65,V,1,2019,10625,V,1,2018,10013,V,2,2019
17006345,13.5,V,1,2019,,,,,,,,,,,,,,,,,,,,,,,1,2019,,,,,,,,,,,,,,,,,,,,,,,,,,,,
17006348,12.25,V,1,2019,10.15,V,1,2019,11,V,1,2019,15,V,1,2019,13,V,1,2019,12,V,1,2019,12233,V,1,2019,7.3,AC,2,2019,10,V,2,2019,11.9,V,1,2019,10,V,2,2019,10.7,V,1,2018,10.25,V,1,2018,10025,V,2,2019
17006351,10.5,V,1,2019,10,V,1,2019,,,,,,,,,,,,,11,V,1,2019,,,1,2019,4.2,NRA,1,2019,4.6,NRA,1,2019,1.4,NRA,1,2019,7.5,NV,2,2019,,,,,10.75,V,1,2018,,,1,2019
17006381,11.5,V,1,2019,12.2,V,1,2019,18,V,1,2019,12,V,1,2019,17,V,1,2019,10.3,V,1,2018,13.5,V,1,2019,10,V,2,2019,10,V,1,2019,9.3,AC,2,2019,10,V,2,2018,10,V,2,2019,11625,V,1,2018,10154,V,2,2019
17006390,10.25,V,1,2019,11425,V,1,2019,11,V,1,2019,10,V,2,2018,17,V,1,2019,11.3,V,1,2018,11829,V,1,2019,7,NV,2,2019,3.2,NRA,1,2019,9,NV,2,2019,8,NV,2,2019,10,V,2,2018,10875,V,1,2018,8013,NV,2,2019
17006394,12,V,1,2019,11538,V,1,2019,,,,,,,,,13,V,1,2019,10,V,2,2019,,,1,2019,3.05,NRA,1,2019,7.4,NV,2,2019,1.7,NRA,1,2019,,,,,10,V,2,2018,11.25,V,1,2018,,,1,2019
17006397,10,V,1,2019,13938,V,1,2019,12,V,1,2019,10,V,1,2019,10.6,V,1,2018,11.3,V,1,2018,11306,V,1,2019,7,AC,2,2019,8,AC,2,2019,11.2,V,1,2019,12.7,V,1,2018,10.25,V,1,2018,11875,V,1,2018,10171,V,2,2019
17006399,,,,,,,,,,,,,,,,,11,V,1,2019,13,V,1,2019,,,1,2019,2.4,NRA,1,2019,8,NV,2,2019,5.4,NV,2,2019,7.5,NV,2,2019,10,V,2,2019,10125,V,1,2018,7238,NV,2,2019
17006401,8.25,NV,2,2019,11,V,1,2019,,,,,,,,,,,,,10,V,2,2019,,,1,2019,,,,,3.2,NRA,1,2019,2.2,NRA,1,2019,,,,,10,V,2,2019,11.5,V,1,2018,,,1,2019
17006404,11,V,1,2019,11588,V,1,2019,10,V,1,2019,11,V,1,2019,10,V,1,2019,14,V,1,2019,11265,V,1,2019,10.2,V,1,2019,7,AC,2,2019,7,AC,2,2019,13.65,V,1,2018,10.05,V,1,2018,12.75,V,1,2018,10108,V,2,2019
17006411,10,V,2,2018,10.8,V,1,2018,10,V,2,2019,10,V,2,2018,11.5,V,1,2019,11.8,V,1,2018,10683,V,2,2019,10,V,1,2019,12.6,V,1,2019,10.8,V,1,2019,13.75,V,1,2019,13525,V,1,2018,13375,V,1,2018,12342,V,1,2019
17006417,12.25,V,1,2019,10.9,V,1,2019,9,AC,2,2019,10,V,1,2019,13,V,1,2019,11,V,1,2018,11025,V,2,2019,14,V,1,2019,8.4,AC,2,2019,10,V,2,2019,13.4,V,1,2018,10,V,2,2018,14.25,V,1,2018,11675,V,2,2019
17006419,,,,,10.85,V,1,2019,,,,,10,V,1,2019,14,V,1,2019,14,V,1,2019,,,1,2019,,,,,,,,,,,,,,,,,3688,NRA,1,2019,13625,V,1,2018,,,1,2019
17006427,9.25,NV,2,2019,10,V,1,2019,,,,,,,,,11.5,V,1,2019,11,V,1,2019,,,1,2019,4.2,NRA,1,2019,8,NV,2,2019,6.1,NV,2,2019,12.75,V,1,2019,10,V,2,2019,10.5,V,1,2018,8592,NV,2,2019
17006430,15.5,V,1,2019,10,V,2,2019,11,V,1,2019,11,V,1,2019,17,V,1,2019,12.6,V,1,2018,12.85,V,2,2019,10.9,V,1,2019,10,V,2,2019,11.5,V,1,2019,10,V,2,2019,10,V,2,2019,10,V,2,2018,10.4,V,2,2019
17006436,16.25,V,1,2019,10.3,V,1,2018,10,V,2,2019,10,V,2,2019,13,V,1,2019,13756,V,1,2018,12218,V,2,2019,13.25,V,1,2019,10,V,2,2019,10.05,V,1,2018,12.4,V,1,2018,14.3,V,1,2019,12875,V,1,2018,12146,V,2,2019
17006442,10.5,V,1,2019,11488,V,1,2019,13,V,1,2019,7,AC,2,2019,10,V,1,2019,12.2,V,1,2018,10698,V,2,2019,10,V,2,2019,4.6,NRA,1,2019,5.5,NV,2,2019,10,V,2,2019,10,V,2,2019,10,V,2,2018,8.35,NV,2,2019
17006472,11.75,V,1,2019,11638,V,1,2019,11,V,1,2019,14,V,1,2019,13,V,1,2019,12.8,V,1,2018,12365,V,1,2019,10,V,2,2019,8,AC,2,2019,7.8,AC,2,2019,10.7,V,1,2018,10,V,2,2019,12125,V,1,2018,9771,AC,2,2019
17006476,12.5,V,1,2019,10,V,2,2019,12,V,1,2019,10.25,V,1,2018,13,V,1,2019,10,V,2,2018,11292,V,2,2019,10,V,2,2019,8.2,AC,2,2019,7,AC,2,2019,10,V,1,2018,10,V,2,2019,15125,V,1,2018,10054,V,2,2019
17006483,12754,V,1,2018,10475,V,1,2018,14,V,1,2019,10,V,2,2019,14.5,V,1,2019,14.65,V,1,2018,12.73,V,2,2019,9,AC,2,2019,12,V,1,2018,11.1,V,1,2019,10,V,2,2018,12762,V,1,2019,12875,V,1,2018,11.29,V,2,2019
17006503,10,V,1,2019,13.25,V,1,2019,13,V,1,2019,15,V,1,2019,14,V,1,2019,11.75,V,1,2018,12833,V,1,2019,9.25,NV,2,2019,,,,,3.9,NRA,1,2019,10,V,1,2019,11.45,V,1,2019,12.25,V,1,2019,,,1,2019
17006514,11.25,V,1,2019,10,V,2,2019,,,,,,,,,6,NV,2,2019,,,,,,,1,2019,3.65,NRA,1,2019,,,,,,,,,,,,,10,V,2,2019,10.25,V,1,2018,,,1,2019
17006516,12.65,V,1,2018,16.4,V,1,2018,11.2,V,1,2018,10,V,2,2018,14.4,V,1,2018,11.1,V,1,2018,12625,V,2,2018,10,V,2,2018,8.6,AC,2,2019,10,V,2,2019,10,V,2,2018,14812,V,1,2019,15.25,V,1,2019,11444,V,2,2019
17006631,11.5,V,1,2019,10,V,2,2019,16,V,1,2019,13,V,1,2019,14,V,1,2019,12,V,1,2019,12.75,V,2,2019,9.1,AC,2,2019,8,AC,2,2019,8,AC,2,2019,18.25,V,1,2019,9276,AC,2,2019,11.25,V,1,2019,10646,V,2,2019
17006656,15.25,V,1,2019,11325,V,1,2019,12,V,1,2019,11,V,1,2019,17,V,1,2019,11.4,V,1,2018,12996,V,1,2019,10,V,2,2019,10,V,2,2019,7,AC,2,2019,12.75,V,1,2018,12028,V,1,2019,10,V,2,2019,10296,V,2,2019
17006749,11,V,1,2019,12775,V,1,2019,16,V,1,2019,10.25,V,1,2018,13,V,1,2019,11,V,1,2018,12338,V,1,2019,11.5,V,1,2019,13.6,V,1,2019,7.7,AC,2,2019,14.2,V,1,2018,10962,V,1,2019,11875,V,1,2018,11.64,V,2,2019
17006756,10.5,V,1,2019,12.15,V,1,2019,15,V,1,2019,15,V,1,2019,10,V,1,2019,11,V,1,2019,12275,V,1,2019,14.9,V,1,2019,7.4,AC,2,2019,8.3,AC,2,2019,19,V,1,2019,9326,AC,2,2019,9,AC,2,2019,11321,V,2,2019
17006758,0,NV,2,2019,0,NV,2,2019,,,,,,,,,0,NV,2,2019,,,,,,,1,2019,0,NRA,1,2019,0,NRA,1,2019,.2,NRA,1,2019,6,NV,2,2019,2.1,NRA,1,2019,,,,,,,1,2019
17006992,13.15,V,1,2018,13.5,V,1,2018,10.4,V,1,2018,8,AC,2,2019,15.5,V,1,2018,15,V,1,2019,12592,V,2,2019,17.55,V,1,2019,13.2,V,1,2019,10,V,1,2018,10,V,2,2018,13062,V,1,2019,11625,V,1,2018,12573,V,1,2019
17007095,10,V,1,2019,10,V,2,2019,10,V,1,2019,10,V,1,2019,16,V,1,2019,15,V,1,2019,11833,V,2,2019,8.65,AC,2,2019,10,V,2,2019,10,V,2,2019,8,AC,2,2019,12366,V,1,2019,12125,V,1,2018,10.19,V,2,2019
17007398,0,NV,2,2019,,,,,,,,,,,,,,,,,0,NV,2,2019,,,1,2019,,,,,,,,,0,NRA,1,2019,0,NRA,1,2019,,,,,0,NRA,1,2019,,,1,2019
17007761,12.3,V,1,2018,10,V,1,2018,10,V,2,2019,10,V,2,2019,14.5,V,1,2019,10,V,2,2019,11133,V,2,2019,11.35,V,1,2019,11,V,1,2019,9.5,AC,2,2019,7,AC,2,2019,11,V,1,2018,9.5,AC,2,2019,9892,AC,2,2019
17009227,13.25,V,1,2019,10,V,1,2018,10,V,2,2019,10,V,1,2018,17,V,1,2019,13.5,V,1,2018,12292,V,2,2019,10,V,2,2019,14.8,V,1,2019,10,V,2,2018,10,V,2,2018,12.25,V,1,2018,11.75,V,1,2019,11467,V,2,2019
17010720,10,V,2,2019,11588,V,1,2019,,,,,,,,,,,,,11,V,1,2019,,,1,2019,0,NRA,1,2019,0,NRA,1,2019,,,,,10,V,2,2018,10976,V,1,2019,10,V,2,2018,,,1,2019
17011579,12.6,V,1,2018,10,V,2,2018,8.1,AC,2,2018,10,V,1,2018,10.2,V,1,2018,11.35,V,1,2018,10375,V,2,2018,7,AC,2,2019,10,V,2,2019,10,V,2,2018,11.05,V,1,2018,14.3,V,1,2018,14875,V,1,2018,11204,V,2,2019
17011580,14.75,V,1,2019,14475,V,1,2018,10,V,2,2019,15,V,1,2019,13,V,1,2019,13296,V,1,2018,13.42,V,2,2019,13.1,V,1,2019,8,AC,2,2019,12.3,V,1,2019,15.4,V,1,2018,11.9,V,1,2018,15875,V,1,2018,12763,V,2,2019
17011676,14.25,V,1,2019,10,V,2,2018,11,V,1,2019,10,V,1,2019,13,V,1,2019,10.5,V,1,2018,11458,V,1,2019,13,V,1,2019,9,AC,2,2019,9.4,AC,2,2019,11,V,1,2019,11,V,1,2019,12875,V,1,2018,11046,V,2,2019
18001816,17.75,V,1,2019,16.7,V,1,2019,19,V,1,2019,14,V,1,2019,13,V,1,2019,16,V,1,2019,16075,V,1,2019,16.2,V,1,2019,18.4,V,1,2019,18.2,V,1,2019,19,V,1,2019,15.8,V,1,2019,18.5,V,1,2019,17683,V,1,2019
18001836,13.25,V,1,2019,13915,V,1,2019,10,V,2,2019,14,V,1,2019,10,V,1,2019,19,V,1,2019,13361,V,2,2019,13.25,V,1,2019,10.4,V,1,2019,7,AC,2,2019,17.5,V,1,2019,14862,V,1,2019,18,V,1,2019,13502,V,2,2019
18002014,,,,,,,,,,,,,0,NV,2,2019,,,,,18,V,1,2019,,,1,2019,,,,,,,,,7.7,NV,2,2019,,,,,,,,,17.75,V,1,2019,,,1,2019
18002590,12.5,V,1,2019,13988,V,1,2019,10,V,2,2019,14,V,1,2019,10,V,1,2019,12,V,1,2019,12081,V,2,2019,7,AC,2,2019,7,AC,2,2019,11.2,V,1,2019,11,V,1,2019,15862,V,1,2019,17,V,1,2019,11.51,V,2,2019
18002598,12.5,V,1,2019,14638,V,1,2019,18,V,1,2019,11.5,V,1,2019,10,V,1,2019,18,V,1,2019,14106,V,1,2019,10,V,2,2019,10,V,2,2019,7,AC,2,2019,8.25,AC,2,2019,10,V,2,2019,16.25,V,1,2019,10.25,V,2,2019
18002900,16.5,V,1,2019,14283,V,1,2019,18,V,1,2019,13,V,1,2019,13,V,1,2019,16,V,1,2019,15131,V,1,2019,7,AC,2,2019,10.6,V,1,2019,10,V,2,2019,14.5,V,1,2019,10.75,V,1,2019,17.25,V,1,2019,11683,V,2,2019
18003004,11.25,V,1,2019,13475,V,1,2019,10,V,2,2019,15,V,1,2019,10,V,2,2019,15,V,1,2019,12454,V,2,2019,12.2,V,1,2019,7.2,AC,2,2019,10.5,V,1,2019,19.25,V,1,2019,12476,V,1,2019,16,V,1,2019,12938,V,2,2019
18003072,16.25,V,1,2019,13775,V,1,2019,7,AC,2,2019,17,V,1,2019,17,V,1,2019,17,V,1,2019,14671,V,2,2019,15.35,V,1,2019,10.8,V,1,2019,13.1,V,1,2019,16.5,V,1,2019,15612,V,1,2019,18,V,1,2019,14894,V,1,2019
18003097,10,V,2,2019,12538,V,1,2019,18,V,1,2019,14,V,1,2019,10,V,1,2019,14,V,1,2019,13.09,V,2,2019,8,AC,2,2019,12,V,1,2019,8.9,AC,2,2019,18.25,V,1,2019,14076,V,1,2019,16.75,V,1,2019,12996,V,2,2019
18003187,10.5,V,1,2019,11.71,V,1,2019,10,V,1,2019,7,AC,2,2019,13,V,1,2019,11,V,1,2019,10535,V,2,2019,8.6,AC,2,2019,7,AC,2,2019,8,AC,2,2019,7.5,AC,2,2019,12412,V,1,2019,14.5,V,1,2019,9669,AC,2,2019
18003211,,,,,,,,,,,,,,,,,,,,,13,V,1,2019,,,1,2019,,,,,,,,,,,,,13.5,V,1,2019,6676,NV,2,2019,13,V,1,2019,,,1,2019
18003221,14,V,1,2019,12738,V,1,2019,14,V,1,2019,13,V,1,2019,13,V,1,2019,10,V,1,2019,12.79,V,1,2019,11.85,V,1,2019,10.8,V,1,2019,13.7,V,1,2019,11.5,V,1,2019,13.7,V,1,2019,14.75,V,1,2019,12717,V,1,2019
18003290,12.5,V,1,2019,12713,V,1,2019,8,AC,2,2019,14,V,1,2019,10,V,2,2019,16,V,1,2019,12202,V,2,2019,7,AC,2,2019,10,V,2,2019,7,AC,2,2019,10,V,2,2019,12662,V,1,2019,16.75,V,1,2019,10569,V,2,2019
18003719,13.5,V,1,2019,12625,V,1,2019,,,,,10,V,1,2019,13,V,1,2019,17,V,1,2019,,,1,2019,9.55,AC,2,2019,11.2,V,1,2019,11.3,V,1,2019,11,V,1,2019,12126,V,1,2019,15.25,V,1,2019,11738,V,2,2019
18003832,13.5,V,1,2019,12025,V,1,2019,17,V,1,2019,15,V,1,2019,11.5,V,1,2019,17,V,1,2019,14338,V,1,2019,8.55,AC,2,2019,11,V,1,2019,10.05,V,1,2019,8,AC,2,2019,12662,V,1,2019,11,V,1,2019,10.21,V,2,2019
18003890,,,,,,,,,,,,,,,,,,,,,13,V,1,2019,,,1,2019,,,,,,,,,.8,NRA,1,2019,5.75,NV,2,2019,2.95,NRA,1,2019,8.75,NV,2,2019,,,1,2019
18003909,10,V,2,2019,6.7,NV,2,2019,,,,,,,,,,,,,10,V,2,2019,,,1,2019,,,,,,,,,,,,,5,NV,2,2019,,,,,13.75,V,1,2019,,,1,2019
18003916,11.5,V,1,2019,12913,V,1,2019,8,AC,2,2019,12,V,1,2019,15,V,1,2019,14,V,1,2019,12236,V,2,2019,7,AC,2,2019,7,AC,2,2019,7.5,AC,2,2019,12,V,1,2019,12.95,V,1,2019,14.5,V,1,2019,10158,V,2,2019
18003921,,,,,4875,NV,2,2019,,,,,,,,,,,,,13,V,1,2019,,,1,2019,,,,,,,,,1.7,NRA,1,2019,8,NV,2,2019,12976,V,1,2019,14.25,V,1,2019,,,1,2019
18003943,0,NV,2,2019,7.4,NV,2,2019,0,NV,2,2019,0,NV,2,2019,0,NV,2,2019,0,NV,2,2019,1233,NV,2,2019,10,V,2,2019,8,AC,2,2019,10,V,2,2019,8,AC,2,2019,13.7,V,1,2019,18,V,1,2019,11283,V,2,2019
18003956,,,,,,,,,,,,,,,,,,,,,12,V,1,2019,,,1,2019,,,,,,,,,1.6,NRA,1,2019,7.5,NV,2,2019,10426,V,1,2019,16.25,V,1,2019,,,1,2019
18004252,13.25,V,1,2019,12775,V,1,2019,13,V,1,2019,10,V,2,2019,12.5,V,1,2019,14,V,1,2019,12588,V,2,2019,13.15,V,1,2019,9,AC,2,2019,10.2,V,1,2019,11.5,V,1,2019,11962,V,1,2019,18,V,1,2019,12302,V,2,2019
18004287,,,,,,,,,,,,,,,,,,,,,,,,,,,1,2019,0,NRA,1,2019,0,NRA,1,2019,0,NRA,1,2019,0,NRA,1,2019,0,NRA,1,2019,0,NRA,1,2019,0,NV,2,2019
18004291,,,,,,,,,,,,,,,,,,,,,14,V,1,2019,,,1,2019,,,,,,,,,,,,,,,,,,,,,12.5,V,1,2019,,,1,2019
18004337,,,,,,,,,,,,,,,,,,,,,0,NV,2,2019,,,1,2019,0,NRA,1,2019,,,,,0,NRA,1,2019,0,NRA,1,2019,,,,,0,NRA,1,2019,,,1,2019
18004348,11.75,V,1,2019,13538,V,1,2019,11,V,1,2019,10,V,1,2019,13,V,1,2019,13,V,1,2019,12048,V,1,2019,7,AC,2,2019,10,V,2,2019,9,AC,2,2019,11.5,V,1,2019,12.55,V,1,2019,17.5,V,1,2019,11258,V,2,2019
18004355,12.25,V,1,2019,11313,V,1,2019,10,V,2,2019,10,V,1,2019,17,V,1,2019,15,V,1,2019,12594,V,2,2019,9,AC,2,2019,10,V,2,2019,8,AC,2,2019,18.5,V,1,2019,13574,V,1,2019,14,V,1,2019,12179,V,2,2019
18004367,,,,,,,,,,,,,,,,,,,,,5,NV,2,2019,,,1,2019,,,,,,,,,0,NRA,1,2019,.5,NRA,1,2019,2.85,NRA,1,2019,0,NRA,1,2019,,,1,2019
18004376,0,NV,2,2019,,,,,,,,,,,,,,,,,0,NV,2,2019,,,1,2019,,,,,,,,,,,,,,,,,,,,,0,NRA,1,2019,,,1,2019
18004424,,,,,,,,,,,,,,,,,,,,,0,NV,2,2019,,,1,2019,,,,,,,,,,,,,,,,,,,,,0,NRA,1,2019,,,1,2019
18004450,13.5,V,1,2019,10,V,2,2019,15,V,1,2019,10,V,2,2019,10,V,1,2019,10,V,1,2019,11417,V,2,2019,7.5,AC,2,2019,10.8,V,1,2019,10,V,1,2019,8.5,AC,2,2019,9738,AC,2,2019,13.5,V,1,2019,10006,V,2,2019
18004480,,,,,10,V,2,2019,,,,,,,,,8,NV,2,2019,10,V,2,2019,,,1,2019,,,,,,,,,,,,,,,,,,,,,10.5,V,1,2019,,,1,2019
18004557,,,,,,,,,,,,,,,,,,,,,17,V,1,2019,,,1,2019,,,,,,,,,,,,,,,,,,,,,9.25,NV,2,2019,,,1,2019
18004567,12.25,V,1,2019,11588,V,1,2019,10,V,2,2019,10,V,1,2019,13,V,1,2019,13,V,1,2019,11.64,V,2,2019,13.6,V,1,2019,13.4,V,1,2019,9.2,AC,2,2019,11,V,1,2019,12438,V,1,2019,13.5,V,1,2019,12.19,V,2,2019
18004807,11.25,V,1,2019,11.05,V,1,2019,,,,,,,,,9,NV,2,2019,10,V,2,2019,,,1,2019,2.55,NRA,1,2019,10.8,V,1,2019,5.9,NV,2,2019,19,V,1,2019,11354,V,1,2019,14.75,V,1,2019,10726,NV,2,2019
18004817,14.5,V,1,2019,14225,V,1,2019,10,V,2,2019,10,V,2,2019,8.5,AC,2,2019,15,V,1,2019,12038,V,2,2019,8.85,AC,2,2019,11.4,V,1,2019,9.2,AC,2,2019,15.5,V,1,2019,14878,V,1,2019,18.75,V,1,2019,13096,V,2,2019
18004840,,,,,0,NV,2,2019,,,,,,,,,0,NV,2,2019,0,NV,2,2019,,,1,2019,,,,,0,NRA,1,2019,,,,,0,NRA,1,2019,0,NRA,1,2019,0,NRA,1,2019,,,1,2019
18004860,,,,,10.4,V,1,2019,,,,,,,,,13,V,1,2019,10,V,2,2019,,,1,2019,6.3,NV,2,2019,,,,,7.1,NV,2,2019,,,,,10.1,V,1,2019,16,V,1,2019,,,1,2019
18004912,10,V,2,2019,11938,V,1,2019,11,V,1,2019,11,V,1,2019,10.5,V,1,2019,13,V,1,2019,11.24,V,2,2019,10,V,2,2019,4.8,NRA,1,2019,4.4,NRA,1,2019,5.75,NV,2,2019,11726,V,1,2019,16.5,V,1,2019,8863,NV,2,2019
18004917,,,,,10838,V,1,2019,,,,,,,,,10,V,1,2019,10,V,2,2019,,,1,2019,,,,,7.2,NV,2,2019,4.2,NRA,1,2019,,,,,,,,,13.5,V,1,2019,,,1,2019
18004952,,,,,,,,,,,,,,,,,,,,,10,V,2,2019,,,1,2019,,,,,,,,,,,,,,,,,,,,,11,V,1,2019,,,1,2019
18004966,12.25,V,1,2019,12063,V,1,2019,10,V,1,2019,10,V,2,2019,13,V,1,2019,15,V,1,2019,12052,V,2,2019,7,AC,2,2019,10,V,2,2019,10.8,V,1,2019,11.5,V,1,2019,15.15,V,1,2019,16.5,V,1,2019,11825,V,2,2019
18005004,0,NV,2,2019,,,,,,,,,,,,,0,NV,2,2019,0,NV,2,2019,,,1,2019,2.8,NRA,1,2019,6.8,NV,2,2019,6.1,NV,2,2019,6,NV,2,2019,11338,V,1,2019,15.25,V,1,2019,8048,NV,2,2019
18005047,13.5,V,1,2019,10.7,V,1,2019,,,,,10,V,1,2019,,,,,10,V,2,2019,,,1,2019,8.55,NV,2,2019,4.8,NRA,1,2019,5.6,NV,2,2019,5.25,NV,2,2019,10,V,2,2019,15.25,V,1,2019,8242,NV,2,2019
18005070,,,,,,,,,,,,,,,,,,,,,10,V,2,2019,,,1,2019,,,,,,,,,1.7,NRA,1,2019,6,NV,2,2019,,,,,15,V,1,2019,,,1,2019
18005077,,,,,,,,,,,,,,,,,,,,,13,V,1,2019,,,1,2019,9,NV,2,2019,10.8,V,1,2019,,,,,,,,,10,V,2,2019,16.75,V,1,2019,,,1,2019
18005090,10,V,2,2019,12613,V,1,2019,8,AC,2,2019,15,V,1,2019,15,V,1,2019,12,V,1,2019,12102,V,2,2019,7,AC,2,2019,10,V,2,2019,7.1,AC,2,2019,10,V,2,2019,13026,V,1,2019,13.5,V,1,2019,10104,V,2,2019
18005111,14.5,V,1,2019,10,V,1,2019,7,AC,2,2019,13,V,1,2019,14,V,1,2019,14,V,1,2019,12083,V,2,2019,9.1,AC,2,2019,10,V,2,2019,7.3,AC,2,2019,17.5,V,1,2019,10,V,2,2019,14.25,V,1,2019,11358,V,2,2019
18005123,15.25,V,1,2019,14463,V,1,2019,13,V,1,2019,15,V,1,2019,13,V,1,2019,12,V,1,2019,13786,V,1,2019,10,V,2,2019,11.8,V,1,2019,13.2,V,1,2019,18,V,1,2019,11426,V,1,2019,14.25,V,1,2019,13113,V,2,2019
18005179,13.5,V,1,2019,12563,V,1,2019,12,V,1,2019,14,V,1,2019,14.5,V,1,2019,18,V,1,2019,14094,V,1,2019,8.7,AC,2,2019,10,V,2,2019,10.2,V,1,2019,14.75,V,1,2019,14026,V,1,2019,17.25,V,1,2019,12488,V,2,2019
18005324,13,V,1,2019,,,,,,,,,,,,,,,,,18,V,1,2019,,,1,2019,2.9,NRA,1,2019,,,,,7.8,NV,2,2019,10,V,1,2019,,,,,17.25,V,1,2019,,,1,2019
18005328,10.25,V,1,2019,11.8,V,1,2019,9,AC,2,2019,10,V,2,2019,13,V,1,2019,12,V,1,2019,11008,V,2,2019,10.05,V,1,2019,10,V,2,2019,12.3,V,1,2019,12.75,V,1,2019,12912,V,1,2019,16,V,1,2019,12335,V,2,2019
18005343,16.25,V,1,2019,10,V,1,2019,10,V,2,2019,14,V,1,2019,6,NV,2,2019,14,V,1,2019,11708,NV,2,2019,8.6,NV,2,2019,6.6,NV,2,2019,5,NV,2,2019,6.5,NV,2,2019,10,V,2,2019,15.5,V,1,2019,8.7,NV,2,2019
18005351,12.5,V,1,2019,10.8,V,1,2019,9,AC,2,2019,7,AC,2,2019,12,V,1,2019,16,V,1,2019,11217,V,2,2019,7,AC,2,2019,10,V,2,2019,10.7,V,1,2019,10,V,2,2019,14312,V,1,2019,16.5,V,1,2019,11419,V,2,2019
18005354,0,NV,2,2019,0,NV,2,2019,,,,,,,,,0,NV,2,2019,0,NV,2,2019,,,1,2019,,,,,,,,,,,,,0,NRA,1,2019,,,,,0,NRA,1,2019,,,1,2019
18005370,,,,,,,,,,,,,,,,,,,,,10,V,2,2019,,,1,2019,0,NRA,1,2019,6,NV,2,2019,2.6,NRA,1,2019,7.25,NV,2,2019,10,V,2,2019,0,NRA,1,2019,4308,NV,2,2019
18005389,14.5,V,1,2019,11363,V,1,2019,12,V,1,2019,14,V,1,2019,13,V,1,2019,18,V,1,2019,13811,V,1,2019,12.65,V,1,2019,7,AC,2,2019,10,V,2,2019,16.75,V,1,2019,11138,V,1,2019,14.75,V,1,2019,12048,V,2,2019
18005401,,,,,,,,,,,,,,,,,,,,,10,V,2,2019,,,1,2019,2.95,NRA,1,2019,2.2,NRA,1,2019,1.7,NRA,1,2019,6.5,NV,2,2019,3.25,NRA,1,2019,14.5,V,1,2019,5183,NV,2,2019
18005409,0,NV,2,2019,0,NV,2,2019,,,,,,,,,0,NV,2,2019,0,NV,2,2019,,,1,2019,0,NRA,1,2019,0,NRA,1,2019,0,NRA,1,2019,0,NRA,1,2019,0,NRA,1,2019,0,NRA,1,2019,0,NV,2,2019
18005417,10.5,V,1,2019,10,V,2,2019,,,,,,,,,,,,,10,V,2,2019,,,1,2019,,,,,,,,,,,,,10.5,V,1,2019,10,V,2,2019,13,V,1,2019,,,1,2019
18005421,,,,,,,,,,,,,,,,,13,V,1,2019,13,V,1,2019,,,1,2019,6.35,NV,2,2019,10,V,2,2019,7.6,NV,2,2019,5,NV,2,2019,10038,V,1,2019,14.25,V,1,2019,8873,NV,2,2019
18005430,,,,,10,V,2,2019,,,,,,,,,10,V,1,2019,5,NV,2,2019,,,1,2019,2.8,NRA,1,2019,6,NV,2,2019,3.6,NRA,1,2019,10,V,2,2019,10,V,2,2019,13.75,V,1,2019,7692,NV,2,2019
18005475,,,,,,,,,,,,,,,,,8.5,NV,2,2019,11,V,1,2019,,,1,2019,,,,,,,,,1.4,NRA,1,2019,5,NV,2,2019,11.85,V,1,2019,16.5,V,1,2019,,,1,2019
18005479,,,,,,,,,,,,,,,,,,,,,0,NV,2,2019,,,1,2019,0,NRA,1,2019,,,,,,,,,0,NRA,1,2019,0,NRA,1,2019,0,NRA,1,2019,,,1,2019
18005517,13.5,V,1,2019,12.85,V,1,2019,9,AC,2,2019,11,V,1,2019,12,V,1,2019,14,V,1,2019,12058,V,2,2019,7,AC,2,2019,10,V,2,2019,10.4,V,1,2019,10,V,2,2019,13.5,V,1,2019,14.5,V,1,2019,10.9,V,2,2019
18005544,,,,,,,,,,,,,,,,,,,,,15,V,1,2019,,,1,2019,0,NRA,1,2019,,,,,,,,,,,,,,,,,15.25,V,1,2019,,,1,2019
18005547,17.5,V,1,2019,12475,V,1,2019,10,V,2,2019,8,AC,2,2019,13,V,1,2019,18,V,1,2019,13163,V,2,2019,10,V,2,2019,11.4,V,1,2019,10.9,V,1,2019,11,V,1,2019,15388,V,1,2019,14.75,V,1,2019,12.24,V,2,2019
18005566,11.75,V,1,2019,10,V,1,2019,14,V,1,2019,18,V,1,2019,13,V,1,2019,10,V,1,2019,12792,V,1,2019,9,AC,2,2019,10,V,2,2019,7,AC,2,2019,19,V,1,2019,10,V,2,2019,12.75,V,1,2019,11292,V,2,2019
18005756,,,,,,,,,,,,,,,,,,,,,0,NV,2,2019,,,1,2019,,,,,,,,,,,,,,,,,,,,,9,NV,2,2019,,,1,2019
18005764,13.25,V,1,2019,,,,,,,,,,,,,,,,,10,V,1,2019,,,1,2019,,,,,,,,,,,,,4.5,NRA,1,2019,,,,,10,V,2,2019,,,1,2019
18005831,11.5,V,1,2019,12388,V,1,2019,11,V,1,2019,10,V,1,2019,15,V,1,2019,18,V,1,2019,12981,V,1,2019,11.75,V,1,2019,10.6,V,1,2019,10,V,1,2019,11.75,V,1,2019,13.05,V,1,2019,16,V,1,2019,12192,V,1,2019
18005838,12.25,V,1,2019,10,V,2,2019,10,V,2,2019,0,NV,2,2019,7,NV,2,2019,15,V,1,2019,9042,NV,2,2019,.75,NRA,1,2019,4.8,NRA,1,2019,3.2,NRA,1,2019,8,NV,2,2019,10,V,2,2019,6,NV,2,2019,5458,NV,2,2019
18005845,7.5,AC,2,2019,10,V,1,2019,12,V,1,2019,11,V,1,2019,17,V,1,2019,11,V,1,2019,11417,V,2,2019,5.25,NV,2,2019,6,NV,2,2019,10.9,V,1,2019,10,V,2,2019,10.75,V,1,2019,15.75,V,1,2019,9775,NV,2,2019
18005940,10,V,2,2019,,,,,,,,,,,,,,,,,10,V,2,2019,,,1,2019,,,,,,,,,,,,,6,NV,2,2019,,,,,10,V,2,2019,,,1,2019
18005960,10.25,V,1,2019,,,,,,,,,10,V,1,2019,13,V,1,2019,17,V,1,2019,,,1,2019,2.9,NRA,1,2019,,,,,7,NV,2,2019,8.75,NV,2,2019,12.05,V,1,2019,15.25,V,1,2019,,,1,2019
18006040,10.25,V,1,2019,,,,,,,,,10,V,1,2019,17,V,1,2019,17,V,1,2019,,,1,2019,3.95,NRA,1,2019,,,,,8.15,NV,2,2019,7.5,NV,2,2019,12362,V,1,2019,15.5,V,1,2019,,,1,2019
18006045,,,,,,,,,,,,,,,,,,,,,0,NV,2,2019,,,1,2019,,,,,,,,,,,,,,,,,1.85,NRA,1,2019,6.5,NV,2,2019,,,1,2019
18006059,,,,,,,,,,,,,,,,,,,,,10,V,2,2019,,,1,2019,,,,,,,,,,,,,1,NRA,1,2019,,,,,16.5,V,1,2019,,,1,2019
18006092,10,V,2,2019,10,V,2,2019,,,,,,,,,17,V,1,2019,10,V,2,2019,,,1,2019,2.8,NRA,1,2019,6.2,NV,2,2019,2.5,NRA,1,2019,10,V,2,2019,10,V,2,2019,12.25,V,1,2019,7292,NV,2,2019
18006100,10,V,2,2019,10,V,1,2019,,,,,,,,,11,V,1,2019,12,V,1,2019,,,1,2019,,,,,,,,,,,,,8,NV,2,2019,10,V,2,2019,12,V,1,2019,,,1,2019
18006124,14.5,V,1,2019,10.9,V,1,2019,9,AC,2,2019,12,V,1,2019,11,V,1,2019,12,V,1,2019,11567,V,2,2019,13.2,V,1,2019,11,V,1,2019,8.1,AC,2,2019,13.5,V,1,2019,11.75,V,1,2019,16.5,V,1,2019,12342,V,2,2019
18006129,13.5,V,1,2019,8.6,NV,2,2019,,,,,,,,,10,V,1,2019,13,V,1,2019,,,1,2019,0,NRA,1,2019,0,NRA,1,2019,3.1,NRA,1,2019,10,V,2,2019,13.45,V,1,2019,13.25,V,1,2019,6633,NV,2,2019
18006139,,,,,,,,,,,,,,,,,13,V,1,2019,10,V,1,2019,,,1,2019,.6,NRA,1,2019,,,,,,,,,1,NRA,1,2019,11512,V,1,2019,15.25,V,1,2019,,,1,2019
18006160,15,V,1,2019,15675,V,1,2019,19,V,1,2019,12,V,1,2019,10,V,1,2019,12,V,1,2019,13946,V,1,2019,8.85,AC,2,2019,8.4,AC,2,2019,10,V,2,2019,11.5,V,1,2019,10.05,V,1,2019,17,V,1,2019,10967,V,2,2019
18006172,0,NV,2,2019,0,NV,2,2019,0,NV,2,2019,0,NV,2,2019,0,NV,2,2019,0,NV,2,2019,0,NV,2,2019,5.85,NV,2,2019,8,NV,2,2019,10.7,V,1,2019,10,V,1,2019,13976,V,1,2019,13.75,V,1,2019,10379,NV,2,2019
18006176,11.5,V,1,2019,10,V,2,2019,,,,,,,,,12,V,1,2019,13,V,1,2019,,,1,2019,,,,,,,,,3.4,NRA,1,2019,18.75,V,1,2019,10176,V,1,2019,17.75,V,1,2019,,,1,2019
18006180,13.25,V,1,2019,10,V,1,2019,,,,,,,,,,,,,10,V,1,2019,,,1,2019,,,,,,,,,3.1,NRA,1,2019,14.5,V,1,2019,13038,V,1,2019,15.75,V,1,2019,,,1,2019
18006183,10,V,2,2019,,,,,,,,,10,V,1,2019,13,V,1,2019,8,NV,2,2019,,,1,2019,,,,,,,,,3.4,NRA,1,2019,8,NV,2,2019,10326,V,1,2019,11.75,V,1,2019,,,1,2019
18006184,,,,,,,,,,,,,,,,,,,,,,,,,,,1,2019,,,,,,,,,,,,,.5,NRA,1,2019,,,,,12.5,V,1,2019,,,1,2019
18006186,,,,,,,,,,,,,,,,,,,,,,,,,,,1,2019,,,,,,,,,,,,,5.5,NV,2,2019,,,,,16.25,V,1,2019,,,1,2019
18006193,,,,,,,,,,,,,,,,,,,,,11,V,1,2019,,,1,2019,3.8,NRA,1,2019,,,,,,,,,6.5,NV,2,2019,7062,NV,2,2019,17.5,V,1,2019,,,1,2019
18006197,12.5,V,1,2019,10,V,2,2019,,,,,7,NV,2,2019,11,V,1,2019,16,V,1,2019,,,1,2019,,,,,,,,,7.5,NV,2,2019,5.5,NV,2,2019,11.9,V,1,2019,15.25,V,1,2019,,,1,2019
18006203,10.25,V,1,2019,13.6,V,1,2019,12,V,1,2019,7,AC,2,2019,13,V,1,2019,16,V,1,2019,11975,V,2,2019,3.45,NRA,1,2019,8,NV,2,2019,7,NV,2,2019,10,V,2,2019,10,V,2,2019,10,V,2,2019,8075,NV,2,2019
18006205,,,,,,,,,,,,,,,,,,,,,10,V,2,2019,,,1,2019,,,,,,,,,,,,,,,,,,,,,12.25,V,1,2019,,,1,2019
18006208,,,,,,,,,,,,,,,,,,,,,10,V,2,2019,,,1,2019,,,,,,,,,,,,,,,,,,,,,10,V,2,2019,,,1,2019
18006210,,,,,,,,,,,,,,,,,,,,,0,NV,2,2019,,,1,2019,,,,,,,,,,,,,6,NV,2,2019,,,,,16.5,V,1,2019,,,1,2019
18006211,10,V,2,2019,12525,V,1,2019,,,,,,,,,,,,,15,V,1,2019,,,1,2019,2.8,NRA,1,2019,4.8,NRA,1,2019,3.9,NRA,1,2019,18,V,1,2019,11926,V,1,2019,13.5,V,1,2019,9154,NV,2,2019
18006212,,,,,,,,,,,,,,,,,,,,,,,,,,,1,2019,,,,,.6,NRA,1,2019,0,NRA,1,2019,.5,NRA,1,2019,,,,,0,NRA,1,2019,,,1,2019
18006213,9.75,NV,2,2019,7.25,NV,2,2019,,,,,7,NV,2,2019,,,,,,,,,,,1,2019,2.2,NRA,1,2019,,,,,3.4,NRA,1,2019,9,NV,2,2019,10,V,2,2019,10,V,2,2019,,,1,2019
18006215,13.5,V,1,2019,,,,,,,,,,,,,4,NV,2,2019,14,V,1,2019,,,1,2019,,,,,,,,,,,,,8.5,NV,2,2019,12588,V,1,2019,12.75,V,1,2019,,,1,2019
18006217,,,,,,,,,,,,,,,,,,,,,,,,,,,1,2019,,,,,,,,,,,,,6,NV,2,2019,10,V,2,2019,9.5,NV,2,2019,,,1,2019
18006218,10.5,V,1,2019,13013,V,1,2019,14,V,1,2019,12,V,1,2019,15,V,1,2019,15,V,1,2019,13252,V,1,2019,7,AC,2,2019,9,AC,2,2019,10.8,V,1,2019,12.75,V,1,2019,11476,V,1,2019,17,V,1,2019,11338,V,2,2019
18006219,15,V,1,2019,10,V,2,2019,,,,,,,,,8.5,NV,2,2019,14,V,1,2019,,,1,2019,0,NRA,1,2019,2.2,NRA,1,2019,0,NRA,1,2019,6,NV,2,2019,5.9,NV,2,2019,8,NV,2,2019,3683,NV,2,2019
18006220,12.5,V,1,2019,10.5,V,1,2019,,,,,,,,,14,V,1,2019,13,V,1,2019,,,1,2019,,,,,,,,,1.6,NRA,1,2019,15,V,1,2019,,,,,13.25,V,1,2019,,,1,2019
18006221,,,,,,,,,,,,,,,,,,,,,,,,,,,1,2019,0,NRA,1,2019,0,NRA,1,2019,0,NRA,1,2019,1.5,NRA,1,2019,1.5,NRA,1,2019,0,NRA,1,2019,.5,NV,2,2019
18006222,11.25,V,1,2019,10,V,2,2019,15,V,1,2019,14,V,1,2019,16,V,1,2019,16,V,1,2019,13708,V,2,2019,11.9,V,1,2019,7.4,AC,2,2019,12,V,1,2019,7.75,AC,2,2019,11162,V,1,2019,12.25,V,1,2019,10.41,V,2,2019
18006223,10,V,2,2019,10,V,2,2019,,,,,,,,,,,,,11,V,1,2019,,,1,2019,,,,,,,,,,,,,5,NV,2,2019,,,,,13.25,V,1,2019,,,1,2019
18006911,10.25,V,1,2019,10,V,2,2019,10,V,2,2019,,,,,15.5,V,1,2019,12,V,1,2019,,,1,2019,8.8,NV,2,2019,,,,,8,NV,2,2019,10,V,2,2019,10,V,2,2019,11,V,1,2019,,,1,2019
18007022,,,,,10,V,1,2019,,,,,,,,,,,,,18,V,1,2019,,,1,2019,,,,,,,,,,,,,18.5,V,1,2019,13.1,V,1,2019,16,V,1,2019,,,1,2019
18007194,,,,,,,,,,,,,,,,,,,,,12,V,1,2019,,,1,2019,,,,,10.6,V,1,2019,6.1,NV,2,2019,12,V,1,2019,,,,,14.5,V,1,2019,,,1,2019
18007298,,,,,,,,,,,,,,,,,,,,,10,V,1,2019,,,1,2019,,,,,,,,,,,,,5,NV,2,2019,,,,,14.5,V,1,2019,,,1,2019
18007617,,,,,,,,,,,,,,,,,,,,,15,V,1,2019,,,1,2019,,,,,,,,,,,,,12.5,V,1,2019,,,,,13.5,V,1,2019,,,1,2019
18007960,10.5,V,1,2019,10,V,2,2019,,,,,,,,,14,V,1,2019,13,V,1,2019,,,1,2019,,,,,,,,,,,,,,,,,,,,,17,V,1,2019,,,1,2019
18008043,,,,,,,,,,,,,,,,,,,,,,,,,,,1,2019,,,,,,,,,,,,,,,,,1.05,NRA,1,2019,,,,,,,1,2019
18008962,,,,,12745,V,1,2019,,,,,,,,,,,,,11,V,1,2019,,,1,2019,,,,,,,,,,,,,8,NV,2,2019,10.93,V,1,2019,16,V,1,2019,,,1,2019
18008966,,,,,,,,,,,,,,,,,,,,,10,V,1,2019,,,1,2019,,,,,,,,,,,,,,,,,,,,,6.25,NV,2,2019,,,1,2019
18009004,14.1,V,1,2019,15.05,V,1,2019,,,,,,,,,10,V,1,2019,15,V,1,2019,,,1,2019,4.1,NRA,1,2019,,,,,10,V,2,2019,16.5,V,1,2019,10.8,V,1,2019,16.25,V,1,2019,,,1,2019
18009008,9,NV,2,2019,10,V,2,2019,,,,,,,,,8,NV,2,2019,11,V,1,2019,,,1,2019,,,,,,,,,,,,,6,NV,2,2019,,,,,15.5,V,1,2019,,,1,2019
18009010,,,,,,,,,,,,,,,,,,,,,11,V,1,2019,,,1,2019,,,,,,,,,,,,,,,,,,,,,13,V,1,2019,,,1,2019
18009011,16,V,1,2019,11.5,V,1,2019,9,AC,2,2019,13,V,1,2019,13,V,1,2019,15,V,1,2019,12917,V,2,2019,8.8,AC,2,2019,11,V,1,2019,11.9,V,1,2019,10,V,1,2019,13212,V,1,2019,16.5,V,1,2019,11902,V,2,2019
18009016,,,,,,,,,,,,,,,,,,,,,0,NV,2,2019,,,1,2019,,,,,,,,,,,,,,,,,,,,,0,NRA,1,2019,,,1,2019
18009019,12,V,1,2019,,,,,,,,,,,,,12.5,V,1,2019,11,V,1,2019,,,1,2019,,,,,,,,,10,V,2,2019,7.5,NV,2,2019,10.1,V,1,2019,17.5,V,1,2019,,,1,2019
18009020,,,,,10,V,2,2019,,,,,,,,,,,,,8,NV,2,2019,,,1,2019,,,,,7.6,NV,2,2019,,,,,,,,,11.8,V,1,2019,16.75,V,1,2019,,,1,2019
18009022,10,V,2,2019,10,V,1,2019,8,AC,2,2019,10,V,1,2019,15,V,1,2019,10,V,2,2019,10.5,V,2,2019,8,AC,2,2019,10,V,2,2019,11.4,V,1,2019,10,V,2,2019,11.6,V,1,2019,12,V,1,2019,10.5,V,2,2019
18009027,9.25,AC,2,2019,10775,V,1,2019,10,V,2,2019,10,V,1,2019,10,V,1,2019,10,V,1,2019,10004,V,2,2019,3.85,NRA,1,2019,8,NV,2,2019,10,V,2,2019,10,V,2,2019,10,V,2,2019,16.25,V,1,2019,9683,NV,2,2019
18009029,15.75,V,1,2019,10,V,2,2019,,,,,,,,,0,NV,2,2019,15,V,1,2019,,,1,2019,9,NV,2,2019,,,,,8.7,NV,2,2019,12.5,V,1,2019,10,V,2,2019,15,V,1,2019,,,1,2019
18009031,,,,,,,,,,,,,,,,,,,,,13,V,1,2019,,,1,2019,,,,,,,,,,,,,,,,,,,,,7.25,NV,2,2019,,,1,2019
18009033,0,NV,2,2019,6.8,NV,2,2019,,,,,0,NV,2,2019,0,NV,2,2019,0,NV,2,2019,,,1,2019,8.15,NV,2,2019,,,,,9.1,NV,2,2019,10,V,2,2019,12.4,V,1,2019,10,V,2,2019,,,1,2019
18009093,11,V,1,2019,,,,,,,,,10,V,1,2019,,,,,10,V,2,2019,,,1,2019,,,,,,,,,,,,,,,,,,,,,14.75,V,1,2019,,,1,2019
18009154,,,,,,,,,,,,,,,,,,,,,,,,,,,1,2019,,,,,,,,,,,,,,,,,,,,,0,NRA,1,2019,,,1,2019
18009159,11.5,V,1,2019,,,,,,,,,,,,,,,,,16,V,1,2019,,,1,2019,,,,,,,,,,,,,5,NV,2,2019,10,V,2,2019,11.5,V,1,2019,,,1,2019
18009169,,,,,,,,,,,,,,,,,,,,,,,,,,,1,2019,,,,,5.6,NV,2,2019,.2,NRA,1,2019,0,NRA,1,2019,,,,,,,,,,,1,2019
18009212,,,,,,,,,,,,,,,,,,,,,10,V,1,2019,,,1,2019,,,,,,,,,,,,,.5,NRA,1,2019,,,,,13.5,V,1,2019,,,1,2019
18009732,11.5,V,1,2019,,,,,0,NV,2,2019,6,NV,2,2019,,,,,12,V,1,2019,,,1,2019,,,,,,,,,1.8,NRA,1,2019,6,NV,2,2019,,,,,8.5,NV,2,2019,,,1,2019
18009804,,,,,,,,,,,,,,,,,,,,,12,V,1,2019,,,1,2019,3.45,NRA,1,2019,3.2,NRA,1,2019,5,NV,2,2019,8.5,NV,2,2019,9.7,NV,2,2019,15,V,1,2019,7475,NV,2,2019
18009949,10,V,2,2019,8.75,NV,2,2019,10,V,2,2019,8,NV,2,2019,7,NV,2,2019,16,V,1,2019,9958,NV,2,2019,10,V,2,2019,7.2,NV,2,2019,5,NV,2,2019,11,V,1,2019,10,V,2,2019,13.5,V,1,2019,9.45,NV,2,2019
18010317,11.5,V,1,2019,13675,V,1,2019,14,V,1,2019,15,V,1,2019,13,V,1,2019,17,V,1,2019,14029,V,1,2019,7,AC,2,2019,10.6,V,1,2019,10,V,1,2019,19.5,V,1,2019,13.2,V,1,2019,15.75,V,1,2019,12675,V,2,2019
18010364,,,,,,,,,,,,,,,,,,,,,12,V,1,2019,,,1,2019,,,,,,,,,,,,,,,,,,,,,10,V,2,2019,,,1,2019
18010372,,,,,,,,,,,,,7,NV,2,2019,11.5,V,1,2019,14,V,1,2019,,,1,2019,,,,,,,,,,,,,6,NV,2,2019,10,V,2,2019,14.25,V,1,2019,,,1,2019
18010519,,,,,,,,,,,,,,,,,,,,,,,,,,,1,2019,,,,,,,,,,,,,,,,,,,,,0,NRA,1,2019,,,1,2019
18010520,13.5,V,1,2019,,,,,,,,,,,,,,,,,14,V,1,2019,,,1,2019,,,,,,,,,,,,,,,,,10,V,2,2019,15.25,V,1,2019,,,1,2019
18010525,,,,,,,,,,,,,,,,,,,,,,,,,,,1,2019,,,,,,,,,,,,,,,,,,,,,0,NRA,1,2019,,,1,2019
18010547,,,,,,,,,,,,,,,,,,,,,5,NV,2,2019,,,1,2019,,,,,,,,,,,,,,,,,,,,,2.75,NRA,1,2019,,,1,2019
18010592,,,,,,,,,,,,,,,,,12,V,1,2019,10,V,2,2019,,,1,2019,10.2,V,1,2019,12.8,V,1,2019,12.9,V,1,2019,7,AC,2,2019,13312,V,1,2019,11.5,V,1,2019,11285,V,2,2019
18010733,,,,,10,V,2,2019,,,,,10,V,1,2019,17,V,1,2019,16,V,1,2019,,,1,2019,,,,,,,,,,,,,,,,,9.35,NV,2,2019,17.25,V,1,2019,,,1,2019
18010738,14.25,V,1,2019,12475,V,1,2019,,,,,0,NV,2,2019,,,,,10,V,2,2019,,,1,2019,,,,,,,,,,,,,,,,,,,,,,,,,,,1,2019
18010741,,,,,,,,,,,,,,,,,,,,,,,,,,,1,2019,,,,,,,,,,,,,7,NV,2,2019,,,,,9,NV,2,2019,,,1,2019
18010743,13.25,V,1,2019,13963,V,1,2019,13,V,1,2019,11,V,1,2019,14,V,1,2019,15,V,1,2019,13369,V,1,2019,3.1,NRA,1,2019,4.6,NRA,1,2019,7,NV,2,2019,6,NV,2,2019,14126,V,1,2019,14.75,V,1,2019,8263,NV,2,2019
18010750,,,,,10,V,2,2019,,,,,,,,,,,,,13,V,1,2019,,,1,2019,,,,,,,,,,,,,6.25,NV,2,2019,,,,,17.75,V,1,2019,,,1,2019
18010752,,,,,10,V,2,2019,,,,,,,,,,,,,10,V,1,2019,,,1,2019,,,,,,,,,7,NV,2,2019,,,,,10426,V,1,2019,16.75,V,1,2019,,,1,2019
18010755,10.5,V,1,2019,10,V,2,2019,15,V,1,2019,10,V,1,2019,10,V,2,2019,16,V,1,2019,11917,V,2,2019,,,,,,,,,7.7,NV,2,2019,6.5,NV,2,2019,10,V,2,2019,11.25,V,1,2019,,,1,2019
18010758,,,,,,,,,,,,,,,,,,,,,,,,,,,1,2019,,,,,,,,,,,,,5.5,NV,2,2019,,,,,8,NV,2,2019,,,1,2019
18010761,10,V,2,2019,10,V,2,2019,,,,,,,,,,,,,10,V,1,2019,,,1,2019,7,NV,2,2019,,,,,,,,,8,NV,2,2019,10012,V,1,2019,14.25,V,1,2019,,,1,2019
18010765,8.25,NV,2,2019,12.2,V,1,2019,,,,,,,,,,,,,10,V,2,2019,,,1,2019,,,,,,,,,,,,,,,,,10676,V,1,2019,13,V,1,2019,,,1,2019
18010769,0,NV,2,2019,0,NV,2,2019,0,NV,2,2019,0,NV,2,2019,0,NV,2,2019,0,NV,2,2019,0,NV,2,2019,0,NRA,1,2019,3.6,NRA,1,2019,0,NRA,1,2019,13,V,1,2019,2,NRA,1,2019,12.5,V,1,2019,5183,NV,2,2019
18010770,,,,,,,,,,,,,,,,,,,,,11,V,1,2019,,,1,2019,,,,,,,,,,,,,,,,,,,,,11.25,V,1,2019,,,1,2019
18010778,,,,,,,,,,,,,,,,,,,,,13,V,1,2019,,,1,2019,,,,,,,,,,,,,.5,NRA,1,2019,,,,,6.75,NV,2,2019,,,1,2019
18010779,13.25,V,1,2019,,,,,,,,,,,,,10,V,1,2019,13,V,1,2019,,,1,2019,3.45,NRA,1,2019,2,NRA,1,2019,1,NRA,1,2019,.5,NRA,1,2019,6626,NV,2,2019,12.5,V,1,2019,4346,NV,2,2019
18010780,11.5,V,1,2019,10,V,2,2019,,,,,12,V,1,2019,,,,,16,V,1,2019,,,1,2019,,,,,,,,,,,,,6,NV,2,2019,0,NRA,1,2019,14.25,V,1,2019,,,1,2019
18010783,10,V,2,2019,13825,V,1,2019,,,,,,,,,10,V,1,2019,15,V,1,2019,,,1,2019,8.4,AC,2,2019,10,V,2,2019,10,V,1,2019,19.5,V,1,2019,13376,V,1,2019,15,V,1,2019,12713,V,2,2019
18010788,14.5,V,1,2019,,,,,,,,,7,NV,2,2019,,,,,16,V,1,2019,,,1,2019,,,,,,,,,,,,,,,,,8.5,NV,2,2019,11.5,V,1,2019,,,1,2019
18010805,,,,,10,V,2,2019,,,,,10,V,1,2019,17,V,1,2019,13,V,1,2019,,,1,2019,4.55,NRA,1,2019,10,V,2,2019,,,,,6,NV,2,2019,10,V,2,2019,14,V,1,2019,,,1,2019
18010880,10,V,2,2019,10.3,V,1,2019,13,V,1,2019,10,V,2,2019,11,V,1,2019,19,V,1,2019,12217,V,2,2019,4.3,NRA,1,2019,6.2,NV,2,2019,3,NRA,1,2019,15.75,V,1,2019,12876,V,1,2019,14.25,V,1,2019,9396,NV,2,2019
18010881,0,NV,2,2019,6.8,NV,2,2019,0,NV,2,2019,0,NV,2,2019,0,NV,2,2019,0,NV,2,2019,1133,NV,2,2019,8.3,AC,2,2019,10,V,2,2019,10,V,2,2019,14.75,V,1,2019,11.7,V,1,2019,15.5,V,1,2019,11708,V,2,2019
18010888,,,,,,,,,,,,,,,,,,,,,1,NV,2,2019,,,1,2019,,,,,,,,,,,,,,,,,,,,,0,NRA,1,2019,,,1,2019
18010894,,,,,,,,,,,,,,,,,6,NV,2,2019,,,,,,,1,2019,,,,,,,,,3.5,NRA,1,2019,,,,,10,V,2,2019,9.25,NV,2,2019,,,1,2019
18011058,,,,,,,,,,,,,,,,,,,,,8,NV,2,2019,,,1,2019,,,,,,,,,,,,,,,,,4438,NRA,1,2019,,,,,,,1,2019
18011062,,,,,,,,,,,,,,,,,,,,,,,,,,,1,2019,,,,,,,,,,,,,,,,,,,,,0,NRA,1,2019,,,1,2019
18011070,10.5,V,1,2019,,,,,,,,,,,,,,,,,,,,,,,1,2019,,,,,,,,,,,,,,,,,0,NRA,1,2019,,,,,,,1,2019
18011072,11,V,1,2019,12625,V,1,2019,13,V,1,2019,10,V,2,2018,14,V,1,2019,12,V,1,2019,12104,V,1,2019,.15,NRA,1,2019,2.4,NRA,1,2019,3.4,NRA,1,2019,13.4,V,1,2018,10,V,2,2018,11.5,V,1,2018,6808,NV,2,2019
18011543,11.75,V,1,2019,11.4,V,1,2019,18,V,1,2019,14,V,1,2019,10,V,1,2019,18,V,1,2019,13858,V,1,2019,10,V,2,2019,14.4,V,1,2019,10.5,V,1,2019,17.5,V,1,2019,10576,V,1,2019,10,V,2,2019,12163,V,2,2019
18011546,,,,,10825,V,1,2019,,,,,,,,,12,V,1,2019,14,V,1,2019,,,1,2019,3.75,NRA,1,2019,,,,,,,,,6,NV,2,2019,10,V,2,2019,14.75,V,1,2019,,,1,2019
18011548,13.25,V,1,2019,,,,,,,,,,,,,,,,,,,,,,,1,2019,,,,,,,,,.8,NRA,1,2019,7.5,NV,2,2019,9512,NV,2,2019,9.25,NV,2,2019,,,1,2019
18011549,,,,,,,,,,,,,,,,,,,,,15,V,1,2019,,,1,2019,,,,,,,,,,,,,,,,,,,,,13.5,V,1,2019,,,1,2019
18011567,,,,,,,,,,,,,,,,,,,,,,,,,,,1,2019,,,,,,,,,,,,,,,,,0,NRA,1,2019,0,NRA,1,2019,,,1,2019
18011568,11.5,V,1,2019,,,,,,,,,,,,,10,V,1,2019,,,,,,,1,2019,,,,,,,,,,,,,6,NV,2,2019,10,V,2,2019,10,V,2,2019,,,1,2019
18011569,10.25,V,1,2019,13938,V,1,2019,,,,,15,V,1,2019,13,V,1,2019,10,V,2,2019,,,1,2019,9,NV,2,2019,,,,,,,,,11.25,V,1,2019,12226,V,1,2019,13.25,V,1,2019,,,1,2019
18011572,10,V,2,2019,12925,V,1,2019,,,,,11,V,1,2019,,,,,15,V,1,2019,,,1,2019,,,,,,,,,10,V,2,2019,17.5,V,1,2019,10376,V,1,2019,15,V,1,2019,,,1,2019
18012757,13.25,V,1,2019,10,V,2,2019,,,,,10,V,1,2019,15,V,1,2019,13,V,1,2019,,,1,2019,,,,,,,,,.2,NRA,1,2019,,,,,,,,,14,V,1,2019,,,1,2019
