COD_ETU,Note : TLMP3104,Résultat : TLMP3104,Session : TLMP3104,Année : TLMP3104,Note : TLMP3204,Résultat : TLMP3204,Session : TLMP3204,Année : TLMP3204,Note : TLMP3304,Résultat : TLMP3304,Session : TLMP3304,Année : TLMP3304,Note : TLMP3404,Résultat : TLMP3404,Session : TLMP3404,Année : TLMP3404,Note : TLMP3504,Résultat : TLMP3504,Session : TLMP3504,Année : TLMP3504,Note : TLMP3604,Résultat : TLMP3604,Session : TLMP3604,Année : TLMP3604,Note : TLMP3004,Résultat : TLMP3004,Session : TLMP3004,Année : TLMP3004,Note : TLMP4104,Résultat : TLMP4104,Session : TLMP4104,Année : TLMP4104,Note : TLMP4204,Résultat : TLMP4204,Session : TLMP4204,Année : TLMP4204,Note : TLMP4304,Résultat : TLMP4304,Session : TLMP4304,Année : TLMP4304,Note : TLMP4404,Résultat : TLMP4404,Session : TLMP4404,Année : TLMP4404,Note : TLMP4504,Résultat : TLMP4504,Session : TLMP4504,Année : TLMP4504,Note : TLMP4604,Résultat : TLMP4604,Session : TLMP4604,Année : TLMP4604,Note : TLMP4004,Résultat : TLMP4004,Session : TLMP4004,Année : TLMP4004
12012705,10,V,2,2014,11,V,1,2013,,,,,11,V,2,2013,14.4,V,1,2012,,,,,10,V,2,2014,.5,NV,2,2019,10,V,2,2019,10,V,2,2019,10,V,2,2019,8,AC,2,2014,8,AC,2,2014,7.75,NV,2,2019
13011344,10,V,2,2018,7.4,AC,2,2018,10,V,2,2018,10,V,2,2016,10,V,2,2016,12625,V,1,2015,10004,V,2,2018,7.5,AC,2,2019,10.6,V,1,2015,10,V,2,2018,10,V,1,2019,11.8,V,1,2016,10,V,2,2017,9983,AC,2,2019
13015044,10,V,2,2015,8,AC,2,2017,10,V,2,2017,12,V,1,2016,10,V,2,2013,10,V,1,2016,10,V,2,2017,7.25,AC,2,2019,10.6,V,1,2016,10,V,2,2015,10,V,2,2019,10,V,2,2017,10,V,2,2015,9642,AC,2,2019
14000175,10,V,2,2018,7,AC,2,2019,10,V,2,2017,11375,V,1,2016,10,V,2,2017,10625,V,1,2015,9833,AC,2,2019,10,V,2,2017,10.7,V,1,2016,10,V,2,2017,10,V,2,2016,10.85,V,1,2015,11,V,1,2016,10425,V,2,2017
14000627,10,V,2,2018,10,V,2,2018,11.8,V,1,2017,12,V,1,2016,10.9,V,1,2018,10,V,1,2017,10783,V,2,2018,8.5,AC,2,2019,10,V,2,2019,14,V,1,2019,10,V,2,2019,11.1,V,1,2018,16,V,1,2019,11.6,V,2,2019
14004740,10,V,2,2019,0,NRA,1,2019,10,V,2,2019,10.8,V,1,2018,8,NV,2,2019,10,V,1,2016,8133,NV,2,2019,8.5,AC,2,2019,7,AC,2,2019,14.4,V,1,2018,10,V,1,2018,10,V,2,2017,12,V,1,2019,10317,V,2,2019
14005265,10,V,2,2018,7.4,AC,2,2019,10,V,2,2017,15.25,V,1,2015,7,AC,2,2019,10625,V,1,2015,10046,V,2,2019,12.75,V,1,2019,10,V,1,2018,12,V,1,2019,10,V,2,2019,12,V,1,2019,11,V,1,2019,11292,V,2,2019
14006139,10,V,2,2018,10,V,1,2019,10,V,2,2018,10,V,2,2018,10,V,2,2018,10.5,V,1,2016,10083,V,1,2019,8.5,AC,2,2019,10.85,V,1,2018,14,V,1,2019,10,V,2,2019,12.5,V,1,2019,10,V,2,2018,10975,V,2,2019
14006708,2,NRA,1,2019,1.6,NRA,1,2019,1.9,NRA,1,2019,10,V,2,2018,2.25,NRA,1,2019,10,V,2,2018,4625,NV,2,2019,9,AC,2,2019,10,V,2,2019,16,V,1,2019,9,AC,2,2019,10,V,2,2019,10,V,2,2019,10667,V,2,2019
15000193,0,NRA,1,2019,0,NRA,1,2019,0,NRA,1,2019,10,V,2,2016,10,V,2,2016,14.5,V,1,2016,5.75,NV,2,2019,0,NV,2,2019,0,NV,2,2019,,,,,,,,,0,NV,2,2019,0,NV,2,2019,,,1,2019
15000261,10,V,2,2017,7,AC,2,2019,7.5,AC,2,2019,10,V,2,2017,10,V,2,2017,14,V,1,2017,9.75,AC,2,2019,10,V,2,2018,10,V,1,2017,10.15,V,1,2017,11125,V,1,2018,14.5,V,1,2018,10,V,2,2018,10963,V,2,2018
15000262,10,V,2,2017,11.1,V,1,2018,10,V,2,2017,10875,V,1,2016,10,V,2,2017,10,V,2,2017,10329,V,1,2018,7,AC,2,2019,10,V,1,2018,18,V,1,2019,10,V,1,2019,10875,V,1,2016,10,V,2,2018,10979,V,2,2019
15000272,10,V,2,2018,0,NRA,1,2019,3.4,NRA,1,2019,1.2,NRA,1,2019,12.85,V,1,2018,11,V,1,2018,6408,NV,2,2019,,,,,0,NV,2,2019,,,,,0,NV,2,2019,11275,V,1,2017,0,NV,2,2019,,,1,2019
15000304,0,NRA,1,2019,0,NRA,1,2019,0,NRA,1,2019,0,NRA,1,2019,0,NRA,1,2019,10,V,2,2016,1667,NV,2,2019,0,NV,2,2019,0,NV,2,2019,0,NV,2,2019,0,NV,2,2019,0,NV,2,2019,0,NV,2,2019,0,NV,2,2019
15000339,0,NRA,1,2019,0,NRA,1,2019,0,NRA,1,2019,12625,V,1,2017,10.8,V,1,2017,15,V,1,2016,6404,NV,2,2019,0,NV,2,2019,10,V,2,2016,0,NV,2,2019,0,NV,2,2019,15.95,V,1,2016,0,NV,2,2019,4325,NV,2,2019
15000862,10,V,2,2017,7,AC,2,2018,10,V,2,2018,10,V,1,2017,13.8,V,1,2017,11.75,V,1,2016,10425,V,2,2018,10,V,2,2019,10,V,2,2016,14,V,1,2019,11,V,1,2017,13025,V,1,2017,10.05,V,1,2017,11346,V,2,2019
15001042,0,NRA,1,2019,0,NRA,1,2019,10,V,2,2018,0,NRA,1,2019,0,NRA,1,2019,14.5,V,1,2018,4083,NV,2,2019,0,NV,2,2019,0,NV,2,2019,0,NV,2,2019,0,NV,2,2019,0,NV,2,2019,0,NV,2,2019,0,NV,2,2019
15001093,7.75,AC,2,2016,10,V,1,2016,9.2,AC,2,2016,10,V,2,2016,9.05,AC,2,2016,14,V,1,2016,10,V,2,2016,0,NV,2,2019,0,NV,2,2019,0,NV,2,2019,0,NV,2,2019,16875,V,1,2016,0,NV,2,2019,2813,NV,2,2019
15001403,10,V,2,2018,12.42,V,1,2018,8,AC,2,2018,10,V,2,2017,10.1,V,1,2018,11.75,V,1,2016,10378,V,2,2018,10,V,2,2019,10,V,2,2018,15.2,V,1,2018,10,V,2,2019,10875,V,1,2018,11.4,V,1,2018,11246,V,2,2019
15001753,10,V,2,2018,10,V,2,2018,10,V,2,2018,10.25,V,1,2017,10,V,2,2017,10,V,1,2016,10042,V,2,2018,7,AC,2,2019,10.6,V,1,2017,11,V,1,2019,10,V,2,2019,11.7,V,1,2016,12,V,1,2019,10383,V,2,2019
15002395,,,,,0,NRA,1,2019,0,NRA,1,2019,10,V,2,2017,0,NRA,1,2019,0,NRA,1,2019,,,1,2019,,,,,0,NV,2,2019,0,NV,2,2019,0,NV,2,2019,13.05,V,1,2016,0,NV,2,2019,,,1,2019
15002444,10,V,2,2018,10,V,2,2018,10.1,V,1,2018,.4,NRA,1,2019,10,V,2,2018,11,V,1,2016,8583,NV,2,2019,10,V,2,2018,10,V,2,2018,10,V,2,2018,11,V,1,2019,14075,V,1,2017,11.1,V,1,2016,11029,V,1,2019
15002547,0,NRA,1,2019,0,NRA,1,2019,10.1,V,1,2017,10,V,2,2017,0,NRA,1,2019,11375,V,1,2017,5246,NV,2,2019,0,NV,2,2019,10.25,V,1,2017,10,V,2,2017,0,NV,2,2019,13.2,V,1,2016,0,NV,2,2019,5575,NV,2,2019
15003217,0,NRA,1,2019,0,NRA,1,2019,0,NRA,1,2019,0,NRA,1,2019,10,V,1,2017,12.25,V,1,2017,3708,NV,2,2019,0,NV,2,2019,0,NV,2,2019,,,,,,,,,0,NV,2,2019,0,NV,2,2019,,,1,2019
15003319,12.11,V,1,2018,10,V,2,2019,10.1,V,1,2019,10,V,2,2017,10,V,1,2018,13.5,V,1,2016,10952,V,2,2019,10,V,2,2019,10.4,V,1,2019,13,V,1,2019,,,,,13.14,V,1,2019,,,,,,,1,2019
15004360,10,V,2,2019,7,AC,2,2019,10.3,V,1,2019,10.15,V,1,2019,10.05,V,1,2018,13.75,V,1,2017,10208,V,2,2019,8.5,AC,2,2019,10,V,2,2017,9,AC,2,2019,12,V,1,2019,14.29,V,1,2019,10,V,2,2017,10632,V,2,2019
15005352,10,V,2,2017,0,NRA,1,2019,13.8,V,1,2017,10,V,1,2016,11.6,V,1,2017,13.25,V,1,2016,9775,NV,2,2019,0,NV,2,2019,0,NV,2,2019,0,NV,2,2019,0,NV,2,2019,16525,V,1,2016,0,NV,2,2019,2754,NV,2,2019
15005628,0,NRA,1,2019,10,V,2,2018,0,NRA,1,2019,10,V,2,2016,2,NRA,1,2019,15.75,V,1,2016,6292,NV,2,2019,,,,,10,V,2,2019,,,,,,,,,10,V,2,2019,10,V,2,2019,,,1,2019
15005660,12.25,V,1,2018,13.3,V,1,2018,10,V,2,2017,7,AC,2,2018,10,V,2,2018,13,V,1,2017,10925,V,2,2018,10,V,2,2019,10,V,2,2018,10,V,2,2018,10.5,V,1,2019,10.35,V,1,2018,10,V,1,2018,10142,V,2,2019
15006164,10,V,2,2018,2.2,NRA,1,2019,6,NV,2,2019,3.3,NRA,1,2019,9312,NV,2,2019,13.5,V,1,2016,7385,NV,2,2019,7,AC,2,2019,13.5,V,1,2019,19,V,1,2019,11,V,1,2019,10,V,2,2019,10,V,1,2019,11.75,V,2,2019
15006442,12,V,1,2016,7.9,AC,2,2018,9.3,AC,2,2018,15.25,V,1,2016,7.4,AC,2,2018,10,V,2,2016,10308,V,2,2018,10,V,2,2018,11.7,V,1,2018,0,NV,2,2019,13.45,V,1,2017,12125,V,1,2017,0,NV,2,2019,7879,NV,2,2019
16000070,10,V,2,2019,10,V,2,2019,10,V,1,2019,10,V,2,2019,12888,V,1,2019,12.5,V,1,2017,10898,V,2,2019,10,V,2,2019,14.9,V,1,2019,12,V,1,2019,10,V,1,2019,16.6,V,1,2018,11,V,1,2019,12417,V,2,2019
16000138,10,V,2,2019,10,V,1,2019,13.6,V,1,2019,10,V,1,2019,10208,V,1,2019,13.5,V,1,2017,11218,V,2,2019,14,V,1,2019,11.05,V,1,2019,10,V,2,2018,10875,V,1,2018,12125,V,1,2018,13.6,V,1,2018,11942,V,1,2019
16000437,13.3,V,1,2018,10,V,2,2018,10.7,V,1,2018,10,V,2,2017,10.6,V,1,2017,13.25,V,1,2017,11308,V,2,2018,10.03,V,1,2019,10,V,2,2018,14,V,1,2019,10,V,2,2019,13125,V,1,2017,14.3,V,1,2018,11909,V,2,2019
16000468,10,V,1,2019,10,V,1,2019,10,V,2,2018,10,V,2,2017,10,V,2,2018,15,V,1,2017,10833,V,1,2019,10025,V,1,2018,11.2,V,1,2018,9.2,AC,2,2018,10,V,1,2018,10625,V,1,2017,10,V,2,2018,10175,V,2,2018
16000511,,,,,5,NV,2,2019,6.2,NV,2,2019,1.7,NRA,1,2019,6.85,NV,2,2019,10,V,2,2019,,,1,2019,,,,,,,,,11,V,1,2019,10,V,2,2019,14.2,V,1,2019,10,V,1,2019,,,1,2019
16000690,8,AC,2,2018,8.7,AC,2,2018,10.5,V,1,2018,10,V,2,2018,12.55,V,1,2018,13.5,V,1,2018,10542,V,2,2018,7,AC,2,2019,13.45,V,1,2018,14,V,1,2019,11.5,V,1,2019,10.9,V,1,2018,11,V,1,2019,11308,V,2,2019
16000707,10.38,V,1,2018,13.8,V,1,2018,10.8,V,1,2018,10,V,2,2018,11.4,V,1,2018,14625,V,1,2017,11834,V,2,2018,10.85,V,1,2018,11.05,V,1,2018,19,V,1,2019,10,V,2,2019,14.45,V,1,2018,10,V,2,2018,12558,V,2,2019
16000767,0,NRA,1,2019,0,NRA,1,2019,0,NRA,1,2019,15.5,V,1,2017,0,NRA,1,2019,11,V,1,2017,4417,NV,2,2019,,,,,,,,,,,,,,,,,0,NV,2,2019,0,NV,2,2019,,,1,2019
16000775,10,V,2,2019,1.6,NRA,1,2019,7,NV,2,2019,12,V,1,2017,10,V,1,2018,10.25,V,1,2017,8475,NV,2,2019,13,V,1,2019,14,V,1,2019,10,V,2,2019,8,AC,2,2019,11.6,V,1,2018,10,V,2,2018,11.1,V,2,2019
16000800,10,V,2,2018,11.8,V,1,2018,10.5,V,1,2018,10.8,V,1,2018,10,V,2,2017,13.75,V,1,2017,11142,V,2,2018,10,V,2,2018,12,V,1,2019,10.6,V,1,2018,10,V,2,2019,10,V,2,2017,10.95,V,1,2017,10592,V,2,2019
16000863,10,V,2,2018,11.2,V,1,2019,11.2,V,1,2019,10,V,2,2018,12162,V,1,2019,11.5,V,1,2018,11.01,V,1,2019,10.5,V,1,2019,10.45,V,1,2018,14,V,1,2019,14,V,1,2019,16825,V,1,2018,14,V,1,2019,13296,V,1,2019
16000869,8,AC,2,2019,10,V,2,2019,12,V,1,2018,10,V,2,2017,10,V,2,2019,12.5,V,1,2018,10417,V,2,2019,10,V,2,2019,17.5,V,1,2019,13,V,1,2019,10,V,1,2019,12.8,V,1,2018,10.6,V,1,2018,12317,V,2,2019
16000880,10,V,2,2019,10,V,2,2019,10,V,2,2018,10,V,2,2017,10,V,2,2019,16,V,1,2017,11,V,2,2019,7,AC,2,2019,12.6,V,1,2019,12.2,V,1,2018,10875,V,1,2018,15.43,V,1,2019,10,V,2,2018,11351,V,2,2019
16000888,11245,V,1,2018,10,V,2,2018,10,V,2,2018,10,V,2,2017,9.4,AC,2,2018,11.5,V,1,2018,10358,V,2,2018,13225,V,1,2019,11.6,V,1,2019,18,V,1,2019,10,V,1,2019,12.85,V,1,2017,11875,V,1,2019,12925,V,1,2019
16000909,10,V,2,2019,10,V,1,2019,7.6,NV,2,2019,3.3,NRA,1,2019,10576,V,1,2019,11,V,1,2018,8746,NV,2,2019,,,,,15.9,V,1,2019,12,V,1,2019,,,,,17.1,V,1,2019,10,V,1,2019,,,1,2019
16000914,.5,NRA,1,2019,10,V,2,2018,2.6,NRA,1,2019,1.8,NRA,1,2019,2926,NRA,1,2019,0,NRA,1,2019,2971,NV,2,2019,0,NV,2,2019,10,V,2,2018,0,NV,2,2019,0,NV,2,2019,13.25,V,1,2018,0,NV,2,2019,3875,NV,2,2019
16000924,8.5,AC,2,2018,8.3,AC,2,2018,8.8,AC,2,2018,9.7,AC,2,2018,10,V,2,2018,14.75,V,1,2017,10008,V,2,2018,11.25,V,1,2019,12.1,V,1,2018,10,V,2,2018,13.25,V,1,2018,10.75,V,1,2017,10,V,2,2017,11225,V,1,2019
16000937,10,V,1,2019,7,AC,2,2019,10,V,1,2019,10,V,2,2018,11.8,V,1,2019,10,V,2,2017,9.8,AC,2,2019,10,V,2,2019,9.6,AC,2,2019,12,V,1,2019,12.25,V,1,2018,10475,V,1,2018,10,V,1,2018,10721,V,2,2019
16000956,.5,NRA,1,2019,10,V,1,2018,10.2,V,1,2018,10,V,2,2017,10.55,V,1,2018,13,V,1,2017,9042,NV,2,2019,14.5,V,1,2019,13.2,V,1,2019,10,V,1,2019,8,AC,2,2019,14.86,V,1,2019,15,V,1,2019,12593,V,2,2019
16001125,10,V,2,2019,10.2,V,1,2018,5.7,NV,2,2019,2.6,NRA,1,2019,8.05,NV,2,2019,13.5,V,1,2018,8342,NV,2,2019,,,,,,,,,14,V,1,2019,11.5,V,1,2019,14.2,V,1,2019,13,V,1,2019,,,1,2019
16001272,10,V,2,2018,10,V,2,2018,10.3,V,1,2017,11,V,1,2017,10,V,2,2018,11.5,V,1,2017,10467,V,2,2018,10,V,2,2018,10,V,2,2018,14,V,1,2019,13,V,1,2019,14825,V,1,2018,10,V,1,2018,11971,V,1,2019
16001976,0,NRA,1,2019,0,NRA,1,2019,0,NRA,1,2019,12.5,V,1,2017,0,NRA,1,2019,11,V,1,2017,3917,NV,2,2019,0,NV,2,2019,0,NV,2,2019,0,NV,2,2019,0,NV,2,2019,0,NV,2,2019,0,NV,2,2019,0,NV,2,2019
16002010,8.5,AC,2,2019,10,V,2,2019,10.2,V,1,2019,13.5,V,1,2019,7.08,AC,2,2019,13,V,1,2018,10.38,V,2,2019,10,V,1,2019,11.4,V,1,2019,11,V,1,2019,8,AC,2,2019,13.14,V,1,2019,10,V,2,2018,10.59,V,2,2019
16002017,10,V,2,2018,9.9,AC,2,2018,10,V,2,2018,10.5,V,1,2017,7.6,AC,2,2018,12,V,1,2017,10,V,2,2018,10,V,2,2018,10,V,2,2018,12,V,1,2019,9,AC,2,2019,10.1,V,1,2017,10,V,2,2018,10183,V,2,2019
16002030,8.5,AC,2,2019,10.04,V,1,2019,10.1,V,1,2019,10,V,2,2017,10.75,V,1,2018,13,V,1,2017,10398,V,2,2019,8,AC,2,2019,9,AC,2,2019,10,V,2,2019,8,AC,2,2019,12,V,1,2019,10,V,2,2019,9.5,AC,2,2019
16002204,8,AC,2,2018,10.1,V,1,2018,10,V,1,2018,10,V,2,2017,10.2,V,1,2018,15,V,1,2017,10.55,V,2,2018,10,V,2,2019,12.55,V,1,2018,10,V,2,2018,10,V,2,2018,13.25,V,1,2018,13,V,1,2017,11467,V,2,2019
16002213,10,V,1,2018,8,AC,2,2018,10,V,1,2018,10,V,2,2017,10,V,2,2018,12,V,1,2017,10,V,2,2018,10,V,2,2019,10.5,V,1,2018,10,V,2,2018,12.5,V,1,2019,13.55,V,1,2018,10,V,2,2018,11092,V,2,2019
16002215,10,V,2,2019,1,NRA,1,2019,7.4,NV,2,2019,1.8,NRA,1,2019,6,NV,2,2019,12,V,1,2019,6367,NV,2,2019,,,,,15.5,V,1,2019,,,,,,,,,12.8,V,1,2019,11,V,1,2019,,,1,2019
16002217,10.5,V,1,2019,8,AC,2,2019,11.2,V,1,2019,10,V,1,2019,12,V,1,2019,12.25,V,1,2017,10658,V,2,2019,10.03,V,1,2019,11.8,V,1,2019,15,V,1,2019,17,V,1,2019,14.65,V,1,2018,15.4,V,1,2018,13.98,V,1,2019
16002643,11.35,V,1,2018,10,V,2,2018,10.1,V,1,2018,8.1,AC,2,2019,10,V,2,2018,10.5,V,1,2017,10008,V,2,2019,10,V,2,2019,10.25,V,1,2019,15,V,1,2019,9,AC,2,2019,17.71,V,1,2019,10,V,2,2019,11993,V,2,2019
16003433,10,V,2,2019,10.4,V,1,2019,12.1,V,1,2019,3.2,NRA,1,2019,7288,NV,2,2019,12.25,V,1,2019,9206,NV,2,2019,7,AC,2,2019,10.9,V,1,2019,11,V,1,2019,8,AC,2,2019,12.57,V,1,2019,12,V,1,2019,10245,V,2,2019
16004528,,,,,,,,,,,,,1,NRA,1,2019,,,,,13,V,1,2019,,,1,2019,9,NV,2,2019,14.4,V,1,2019,13,V,1,2019,,,,,14,V,1,2019,10,V,1,2019,,,1,2019
16007410,10,V,2,2019,,,,,.6,NRA,1,2019,12.25,V,1,2017,4088,NRA,1,2019,11125,V,1,2019,,,1,2019,7,NV,2,2019,12.4,V,1,2019,,,,,,,,,15.14,V,1,2019,10,V,2,2019,,,1,2019
16007485,11245,V,1,2018,10,V,2,2018,10.8,V,1,2018,10,V,2,2018,10,V,2,2017,13.75,V,1,2017,10966,V,2,2018,4.75,NV,2,2019,10,V,2,2018,0,NV,2,2019,10,V,1,2018,11.7,V,1,2018,13,V,1,2018,8242,NV,2,2019
16008484,0,NRA,1,2019,0,NRA,1,2019,0,NRA,1,2019,0,NRA,1,2019,0,NRA,1,2019,12.25,V,1,2018,2042,NV,2,2019,0,NV,2,2019,0,NV,2,2019,0,NV,2,2019,0,NV,2,2019,15.1,V,1,2017,0,NV,2,2019,2517,NV,2,2019
17001640,10,V,1,2019,8.3,NV,2,2019,8.6,NV,2,2019,5.9,NV,2,2019,9176,NV,2,2019,10,V,2,2018,8663,NV,2,2019,7,AC,2,2019,14.4,V,1,2019,19,V,1,2019,11.5,V,1,2019,16.5,V,1,2019,18,V,1,2019,14.4,V,2,2019
17001680,10,V,2,2019,7,AC,2,2019,10,V,2,2019,10.9,V,1,2019,9812,AC,2,2019,14.5,V,1,2018,10369,V,2,2019,9,AC,2,2019,10,V,1,2018,11,V,1,2019,13,V,1,2019,15.4,V,1,2018,13,V,1,2019,11.9,V,2,2019
17002476,10,V,1,2019,2.2,NRA,1,2019,3,NRA,1,2019,7,NV,2,2019,11018,V,1,2019,10,V,1,2018,7203,NV,2,2019,,,,,0,NV,2,2019,,,,,0,NV,2,2019,11.75,V,1,2018,0,NV,2,2019,,,1,2019
17002808,8.5,AC,2,2019,10,V,2,2019,11.3,V,1,2019,10,V,1,2019,10034,V,1,2019,12.75,V,1,2018,10431,V,2,2019,10,V,2,2019,10,V,2,2018,11,V,1,2019,8,AC,2,2019,13.1,V,1,2018,11,V,1,2019,10517,V,2,2019
17003807,0,NRA,1,2019,0,NRA,1,2019,0,NRA,1,2019,0,NRA,1,2019,,,,,11.5,V,1,2018,,,1,2019,,,,,0,NV,2,2019,0,NV,2,2019,,,,,0,NV,2,2019,0,NV,2,2019,,,1,2019
17004014,10.25,V,1,2019,7,AC,2,2019,10.1,V,1,2019,10,V,2,2018,13268,V,1,2019,14.75,V,1,2018,10895,V,2,2019,8,AC,2,2019,10.15,V,1,2018,10,V,1,2019,14,V,1,2019,11875,V,1,2018,10,V,1,2019,10671,V,2,2019
17004057,11375,V,1,2019,11,V,1,2019,13,V,1,2019,11.2,V,1,2018,14.35,V,1,2019,15.5,V,1,2018,12738,V,1,2019,10,V,2,2018,13.25,V,1,2019,14,V,1,2019,11.72,V,1,2019,14.95,V,1,2018,12,V,1,2019,12653,V,1,2019
17004805,13.5,V,1,2019,11.8,V,1,2019,12.4,V,1,2019,11.9,V,1,2019,14312,V,1,2019,14.25,V,1,2019,13027,V,1,2019,10,V,2,2019,14.2,V,1,2019,16,V,1,2019,14,V,1,2019,18.29,V,1,2019,17,V,1,2019,14915,V,2,2019
17004819,12.11,V,1,2018,8,AC,2,2019,8,AC,2,2019,7,AC,2,2019,15.2,V,1,2019,14,V,1,2018,10718,V,2,2019,8.5,AC,2,2019,12.4,V,1,2019,13,V,1,2019,13,V,1,2019,14.29,V,1,2019,10,V,2,2019,11865,V,2,2019
17004835,10,V,2,2019,10,V,1,2019,10.05,V,1,2019,10.8,V,1,2019,11.5,V,1,2018,13.5,V,1,2018,10975,V,2,2019,10,V,2,2019,14.8,V,1,2019,10,V,2,2018,14,V,1,2019,16.95,V,1,2018,10,V,2,2018,12625,V,2,2019
17004863,8,NV,2,2019,10,V,1,2019,10,V,1,2019,3.8,NRA,1,2019,10,V,2,2019,14.5,V,1,2019,9383,NV,2,2019,4.75,NV,2,2019,14.7,V,1,2019,10,V,1,2019,0,NV,2,2019,15.43,V,1,2019,10,V,1,2019,9147,NV,2,2019
17004916,8.5,AC,2,2019,11,V,1,2019,8.5,AC,2,2019,7,AC,2,2019,12.15,V,1,2019,16.75,V,1,2018,10.65,V,2,2019,7,AC,2,2019,10,V,2,2018,11,V,1,2019,13,V,1,2019,10.1,V,1,2018,14,V,1,2019,10.85,V,2,2019
17004917,12,V,1,2019,10,V,1,2019,8,AC,2,2019,10,V,2,2018,12.55,V,1,2018,10,V,1,2018,10425,V,2,2019,7,AC,2,2018,13.35,V,1,2018,10,V,1,2018,10.25,V,1,2018,14.7,V,1,2018,7.4,AC,2,2018,10.45,V,2,2018
17004920,13.5,V,1,2019,11.5,V,1,2019,10.8,V,1,2018,7,AC,2,2019,10.5,V,1,2018,12,V,1,2018,10883,V,2,2019,16,V,1,2019,13,V,1,2018,10,V,1,2018,13.5,V,1,2019,13.2,V,1,2018,18,V,1,2019,13.95,V,1,2019
17004940,4.5,NRA,1,2019,2.6,NRA,1,2019,8.9,NV,2,2019,7.5,NV,2,2019,6876,NV,2,2019,14.5,V,1,2018,7479,NV,2,2019,0,NV,2,2019,0,NV,2,2019,0,NV,2,2019,0,NV,2,2019,0,NV,2,2019,0,NV,2,2019,0,NV,2,2019
17004979,10,V,1,2019,11,V,1,2019,12.8,V,1,2019,10.5,V,1,2019,11862,V,1,2019,10,V,1,2018,11027,V,1,2019,10,V,2,2019,10,V,2,2019,10,V,2,2019,10,V,1,2019,15.43,V,1,2019,12,V,1,2019,11238,V,2,2019
17005013,0,NRA,1,2019,0,NRA,1,2019,0,NRA,1,2019,0,NRA,1,2019,0,NRA,1,2019,0,NRA,1,2019,0,NV,2,2019,0,NV,2,2019,0,NV,2,2019,0,NV,2,2019,0,NV,2,2019,0,NV,2,2019,0,NV,2,2019,0,NV,2,2019
17005077,10,V,2,2019,6,NV,2,2019,7.8,NV,2,2019,6.8,NV,2,2019,11738,V,1,2019,11.5,V,1,2018,8973,NV,2,2019,0,NV,2,2019,0,NV,2,2019,0,NV,2,2019,10,V,2,2018,12.95,V,1,2018,0,NV,2,2019,3825,NV,2,2019
17005087,11125,V,1,2019,10,V,1,2019,10,V,1,2019,10,V,2,2019,10,V,2,2019,14.5,V,1,2018,10938,V,2,2019,7,AC,2,2019,10,V,2,2018,10,V,1,2018,13,V,1,2018,12375,V,1,2018,10,V,2,2018,10396,V,2,2019
17005115,10.15,V,1,2018,10.1,V,1,2018,10,V,1,2019,10.3,V,1,2018,10.75,V,1,2018,12.25,V,1,2018,10592,V,1,2019,8.5,AC,2,2018,13.2,V,1,2018,7.3,AC,2,2018,10,V,2,2018,15.6,V,1,2018,8,AC,2,2018,10433,V,2,2018
17005150,11,V,1,2019,7,AC,2,2019,11.2,V,1,2019,12.6,V,1,2019,11776,V,1,2019,14,V,1,2018,11263,V,2,2019,10,V,2,2019,13.8,V,1,2019,16,V,1,2019,12,V,1,2019,12.95,V,1,2018,10,V,2,2019,12458,V,2,2019
17005156,0,NRA,1,2019,0,NRA,1,2019,0,NRA,1,2019,0,NRA,1,2019,0,NRA,1,2019,0,NRA,1,2019,0,NV,2,2019,3.5,NV,2,2019,,,,,,,,,,,,,,,,,,,,,,,1,2019
17005186,10,V,2,2018,10,V,1,2019,11.7,V,1,2019,13.35,V,1,2019,10,V,2,2018,11.75,V,1,2018,11133,V,1,2019,13,V,1,2019,10.4,V,1,2018,16,V,1,2019,12,V,1,2019,14725,V,1,2018,10,V,2,2018,12688,V,1,2019
17005198,10,V,2,2019,10,V,1,2019,10.6,V,1,2019,8.9,AC,2,2019,10,V,2,2018,10.5,V,1,2018,10,V,2,2019,10,V,2,2019,11.6,V,1,2019,14,V,1,2019,10,V,1,2019,11.65,V,1,2018,10,V,1,2018,11208,V,2,2019
17005207,,,,,1.6,NRA,1,2019,,,,,1.7,NRA,1,2019,0,NRA,1,2019,10,V,2,2018,,,1,2019,,,,,,,,,,,,,,,,,13.71,V,1,2019,10,V,2,2019,,,1,2019
17005240,,,,,0,NRA,1,2019,,,,,0,NRA,1,2019,,,,,0,NRA,1,2019,,,1,2019,0,NV,2,2019,0,NV,2,2019,,,,,10,V,1,2019,0,NV,2,2019,0,NV,2,2019,,,1,2019
17005270,10,V,2,2018,11.6,V,1,2018,11.1,V,1,2019,11.2,V,1,2019,12.4,V,1,2018,10.5,V,1,2018,11133,V,1,2019,8,AC,2,2018,11.95,V,1,2018,10,V,2,2018,10.25,V,1,2018,13625,V,1,2018,8,AC,2,2018,10304,V,2,2018
17005328,16.65,V,1,2018,7,AC,2,2018,11.9,V,1,2018,10,V,2,2018,12.85,V,1,2018,13.75,V,1,2018,12025,V,2,2018,10,V,2,2018,12.55,V,1,2018,11.15,V,1,2018,16,V,1,2019,17.75,V,1,2018,10,V,2,2018,12908,V,1,2019
17005343,9,AC,2,2019,10,V,2,2019,10,V,1,2019,10.95,V,1,2019,7.5,AC,2,2019,10.5,V,1,2018,9658,AC,2,2019,10,V,2,2019,11.4,V,1,2019,12,V,1,2019,16,V,1,2019,14.15,V,1,2018,13,V,1,2019,12758,V,2,2019
17005345,12.25,V,1,2019,10.2,V,1,2018,11.3,V,1,2019,11.2,V,1,2019,13.4,V,1,2019,9.25,AC,2,2019,11267,V,2,2019,12.75,V,1,2019,10.1,V,1,2018,15,V,1,2019,10,V,1,2019,16725,V,1,2018,12,V,1,2019,12763,V,1,2019
17005351,10,V,1,2019,12,V,1,2019,11.2,V,1,2019,7,AC,2,2019,11037,V,1,2019,15.25,V,1,2018,11081,V,2,2019,10,V,2,2019,13.75,V,1,2019,16,V,1,2019,12,V,1,2019,11.45,V,1,2018,19,V,1,2019,13.7,V,2,2019
17005366,0,NRA,1,2019,0,NRA,1,2019,0,NRA,1,2019,0,NRA,1,2019,0,NRA,1,2019,0,NRA,1,2019,0,NV,2,2019,,,,,0,NV,2,2019,,,,,,,,,0,NV,2,2019,,,,,,,1,2019
17005372,10,V,2,2019,7,AC,2,2019,7,AC,2,2019,10,V,2,2019,10226,V,1,2019,10.5,V,1,2018,9121,AC,2,2019,8.5,AC,2,2019,13.4,V,1,2019,9,AC,2,2019,11.5,V,1,2019,11.7,V,1,2019,17,V,1,2019,11.85,V,2,2019
17005380,,,,,0,NRA,1,2019,0,NRA,1,2019,0,NRA,1,2019,0,NRA,1,2019,11.75,V,1,2018,,,1,2019,0,NV,2,2019,,,,,,,,,0,NV,2,2019,0,NV,2,2019,,,,,,,1,2019
17005383,9,AC,2,2019,7,AC,2,2019,8.7,AC,2,2019,10,V,2,2018,10,V,2,2019,12.5,V,1,2018,9533,AC,2,2019,10,V,2,2019,16.1,V,1,2019,16,V,1,2019,15,V,1,2019,15.4,V,1,2018,10.4,V,1,2018,13817,V,2,2019
17005397,10,V,2,2019,10,V,2,2018,10.4,V,1,2019,10,V,1,2019,10.15,V,1,2018,13,V,1,2018,10592,V,2,2019,8.25,AC,2,2019,10,V,2,2018,13,V,1,2019,10,V,1,2019,15.85,V,1,2018,10,V,2,2018,11183,V,2,2019
17005398,9,AC,2,2018,10.8,V,1,2018,11,V,1,2018,10.2,V,1,2018,10,V,1,2018,10,V,2,2018,10167,V,2,2018,18.65,V,1,2019,15.6,V,1,2019,16,V,1,2019,11.75,V,1,2018,13.95,V,1,2018,15.5,V,1,2019,15242,V,1,2019
17005401,3.5,NRA,1,2019,5.6,NV,2,2019,6.5,NV,2,2019,5.8,NV,2,2019,2362,NRA,1,2019,0,NRA,1,2019,3.96,NV,2,2019,7.5,AC,2,2019,12.8,V,1,2019,13,V,1,2019,13,V,1,2019,13.14,V,1,2019,10.1,V,1,2018,11.59,V,2,2019
17005404,10,V,2,2018,8.8,AC,2,2018,11.4,V,1,2018,11.4,V,1,2018,10,V,2,2018,10,V,1,2018,10267,V,2,2018,10,V,2,2018,10,V,2,2019,10,V,2,2018,10,V,1,2018,14.65,V,1,2018,16,V,1,2019,11775,V,2,2019
17005406,13,V,1,2019,10,V,1,2019,10,V,2,2019,10,V,2,2019,11.55,V,1,2019,10,V,2,2018,10758,V,2,2019,7,AC,2,2019,14.6,V,1,2019,18,V,1,2019,14.5,V,1,2019,18.8,V,1,2019,12,V,1,2019,14.15,V,2,2019
17005409,0,NRA,1,2019,0,NRA,1,2019,0,NRA,1,2019,0,NRA,1,2019,0,NRA,1,2019,0,NRA,1,2019,0,NV,2,2019,0,NV,2,2019,0,NV,2,2019,0,NV,2,2019,0,NV,2,2019,0,NV,2,2019,0,NV,2,2019,0,NV,2,2019
17005413,10.5,V,1,2019,7.8,AC,2,2019,10,V,1,2019,7,AC,2,2019,10376,V,1,2019,13.5,V,1,2018,9863,AC,2,2019,10,V,2,2019,16.35,V,1,2019,16,V,1,2019,11.5,V,1,2019,11275,V,1,2018,19,V,1,2019,14021,V,2,2019
17005437,10,V,2,2019,11,V,1,2018,10,V,2,2018,14.6,V,1,2019,9426,AC,2,2019,13.75,V,1,2018,11463,V,2,2019,7.5,AC,2,2019,10.1,V,1,2018,12,V,1,2019,11,V,1,2019,16.57,V,1,2019,11,V,1,2019,11362,V,2,2019
17005440,10,V,1,2019,10,V,2,2018,10,V,1,2018,10,V,2,2018,10162,V,1,2019,18.25,V,1,2018,11402,V,1,2019,10,V,2,2018,10.85,V,1,2018,10,V,2,2018,12.5,V,1,2018,12.4,V,1,2018,11.05,V,1,2018,11133,V,2,2018
17005441,10,V,2,2019,7.4,AC,2,2019,10,V,1,2019,10,V,2,2018,7.5,AC,2,2019,10,V,2,2019,9.15,AC,2,2019,11,V,1,2019,17.95,V,1,2019,10,V,1,2019,10,V,2,2019,16,V,1,2019,11.2,V,1,2018,12692,V,2,2019
17005442,11125,V,1,2019,13.8,V,1,2019,10,V,2,2018,10,V,2,2019,10,V,2,2019,10,V,1,2018,10821,V,2,2019,14,V,1,2019,15.1,V,1,2018,16,V,1,2019,10,V,1,2018,17.95,V,1,2018,15.2,V,1,2018,14708,V,1,2019
17005443,8,AC,2,2019,11.2,V,1,2018,10.1,V,1,2018,10,V,2,2019,10.9,V,1,2018,10,V,2,2018,10033,V,2,2019,4,NV,2,2019,10,V,2,2019,14,V,1,2019,6,NV,2,2019,11425,V,1,2018,13,V,1,2019,9738,NV,2,2019
17005446,10.38,V,1,2018,7,AC,2,2019,10.2,V,1,2019,10.55,V,1,2019,10,V,2,2019,14,V,1,2018,10355,V,2,2019,10,V,2,2019,10,V,2,2018,10,V,2,2019,13.5,V,1,2019,14,V,1,2019,10,V,2,2018,11.25,V,2,2019
17005447,7,NV,2,2019,7,NV,2,2019,3.7,NRA,1,2019,3.6,NRA,1,2019,3912,NRA,1,2019,13.5,V,1,2018,6452,NV,2,2019,10,V,2,2019,13.8,V,1,2019,19,V,1,2019,11,V,1,2019,15.71,V,1,2019,12,V,1,2019,13585,V,2,2019
17005452,11.5,V,1,2019,10.4,V,1,2019,12.3,V,1,2019,10.05,V,1,2019,11.5,V,1,2018,16,V,1,2018,11958,V,1,2019,13,V,1,2019,12,V,1,2018,20,V,1,2019,12,V,1,2019,12.85,V,1,2018,11,V,1,2019,13475,V,1,2019
17005456,,,,,,,,,6,NV,2,2019,1.6,NRA,1,2019,9.5,NV,2,2019,11,V,1,2018,,,1,2019,5.5,NV,2,2019,14.3,V,1,2019,,,,,,,,,13.7,V,1,2019,11,V,1,2019,,,1,2019
17005457,13.75,V,1,2019,11.5,V,1,2019,11.1,V,1,2019,10,V,2,2019,13612,V,1,2019,12,V,1,2018,11994,V,2,2019,8.5,AC,2,2019,14.2,V,1,2019,10,V,2,2018,13.5,V,1,2019,12.6,V,1,2018,11.4,V,1,2018,11.7,V,2,2019
17005459,11625,V,1,2019,14.6,V,1,2019,10.3,V,1,2019,10,V,2,2018,11.2,V,1,2018,11,V,1,2018,11454,V,1,2019,10,V,2,2019,10.9,V,1,2019,13,V,1,2019,12.5,V,1,2019,13.25,V,1,2018,10.6,V,1,2018,11708,V,2,2019
17005463,0,NRA,1,2019,0,NRA,1,2019,0,NRA,1,2019,0,NRA,1,2019,0,NRA,1,2019,0,NRA,1,2019,0,NV,2,2019,0,NV,2,2019,0,NV,2,2019,0,NV,2,2019,0,NV,2,2019,0,NV,2,2019,0,NV,2,2019,0,NV,2,2019
17005471,10,V,2,2018,10,V,1,2019,10,V,1,2018,9,AC,2,2019,10.1,V,1,2018,11,V,1,2018,10017,V,2,2019,7,AC,2,2019,14.1,V,1,2018,12,V,1,2019,10,V,1,2019,13.43,V,1,2019,10,V,1,2019,11088,V,2,2019
17005478,11.5,V,1,2019,10,V,2,2018,10.3,V,1,2019,10,V,2,2019,10,V,2,2018,12.5,V,1,2018,10717,V,2,2019,8.75,AC,2,2019,11.85,V,1,2019,10,V,1,2019,10,V,2,2019,11.95,V,1,2018,11,V,1,2019,10592,V,2,2019
17005525,,,,,1,NRA,1,2019,5.9,NV,2,2019,5.2,NV,2,2019,1426,NRA,1,2019,13,V,1,2018,,,1,2019,10,V,2,2019,12.4,V,1,2019,14,V,1,2019,15.5,V,1,2019,18.29,V,1,2019,14,V,1,2019,14032,V,2,2019
17005530,10.25,V,1,2019,1.6,NRA,1,2019,5.5,NV,2,2019,10,V,2,2019,13012,V,1,2019,10,V,2,2018,8394,NV,2,2019,10.03,V,1,2019,12.3,V,1,2019,11,V,1,2019,12.75,V,1,2019,17.1,V,1,2019,12,V,1,2019,12.53,V,1,2019
17005539,10,V,2,2019,11,V,1,2019,7.8,AC,2,2019,10,V,1,2019,8188,AC,2,2019,10,V,2,2018,9498,AC,2,2019,7.5,AC,2,2019,14.3,V,1,2019,13,V,1,2019,12,V,1,2019,12675,V,1,2018,10,V,2,2018,11579,V,2,2019
17005541,13.45,V,1,2018,10,V,2,2018,11.6,V,1,2019,11.7,V,1,2019,11238,V,1,2019,13.5,V,1,2018,11915,V,1,2019,10,V,2,2018,12.15,V,1,2018,10,V,2,2019,10,V,1,2019,14.8,V,1,2018,10,V,2,2018,11158,V,2,2019
17005543,13.5,V,1,2019,10,V,2,2018,10.6,V,1,2019,11.35,V,1,2019,10,V,2,2019,8.75,AC,2,2019,10.7,V,2,2019,10,V,2,2018,11.1,V,1,2018,10,V,1,2018,7,AC,2,2018,17.7,V,1,2018,10,V,2,2018,10967,V,2,2018
17005557,6.5,NV,2,2019,2.2,NRA,1,2019,7,NV,2,2019,7,NV,2,2019,8,NV,2,2019,13,V,1,2018,7283,NV,2,2019,,,,,,,,,14,V,1,2019,10,V,1,2019,11075,V,1,2018,13,V,1,2019,,,1,2019
17005561,10625,V,1,2019,11,V,1,2019,10,V,2,2019,10,V,2,2019,11.85,V,1,2018,10,V,2,2018,10579,V,2,2019,10.03,V,1,2019,11.1,V,1,2019,10,V,2,2018,13.5,V,1,2019,12.3,V,1,2018,18,V,1,2019,12488,V,1,2019
17005565,10,V,2,2019,10,V,1,2019,11.8,V,1,2019,7,AC,2,2019,8576,AC,2,2019,10,V,2,2018,9563,AC,2,2019,8.5,AC,2,2019,9.9,AC,2,2019,12,V,1,2019,12,V,1,2019,15.6,V,1,2018,10.2,V,1,2018,11367,V,2,2019
17005569,0,NRA,1,2019,0,NRA,1,2019,0,NRA,1,2019,0,NRA,1,2019,0,NRA,1,2019,0,NRA,1,2019,0,NV,2,2019,,,,,,,,,,,,,,,,,0,NV,2,2019,0,NV,2,2019,,,1,2019
17005571,10,V,2,2019,10,V,1,2019,8.4,AC,2,2019,7,AC,2,2019,10888,V,1,2019,11.5,V,1,2018,9631,AC,2,2019,8.75,AC,2,2019,14.1,V,1,2019,16,V,1,2019,11.5,V,1,2019,16.2,V,1,2019,10,V,1,2019,12758,V,2,2019
17005572,10.5,V,1,2019,11.6,V,1,2019,12.2,V,1,2019,11,V,1,2019,12.45,V,1,2018,13,V,1,2018,11792,V,1,2019,13,V,1,2019,14.5,V,1,2018,18,V,1,2019,12,V,1,2019,15.1,V,1,2018,11,V,1,2019,13933,V,1,2019
17005575,8.5,AC,2,2019,10.4,V,1,2019,10,V,2,2019,9,AC,2,2019,8.5,AC,2,2019,14,V,1,2019,10067,V,2,2019,10,V,2,2019,,,,,,,,,,,,,13.14,V,1,2019,12,V,1,2019,,,1,2019
17005580,10,V,2,2018,8,AC,2,2019,10,V,2,2019,10.1,V,1,2019,10,V,2,2019,12.75,V,1,2018,10142,V,2,2019,7,AC,2,2019,9,AC,2,2019,13,V,1,2019,10,V,2,2019,12575,V,1,2018,10,V,1,2018,10263,V,2,2019
17005583,10,V,1,2019,13.6,V,1,2018,13.3,V,1,2019,7,AC,2,2019,10.8,V,1,2019,9625,AC,2,2019,10721,V,2,2019,7,AC,2,2019,8.8,AC,2,2019,12,V,1,2018,10,V,2,2019,11.25,V,1,2018,10,V,2,2019,9842,AC,2,2019
17005587,10,V,2,2019,12.3,V,1,2019,10.1,V,1,2019,12.4,V,1,2019,11588,V,1,2019,12.5,V,1,2018,11481,V,2,2019,11.5,V,1,2019,10.9,V,1,2018,11.6,V,1,2018,13,V,1,2019,12,V,1,2018,13,V,1,2019,12,V,1,2019
17005590,10,V,2,2019,10,V,2,2019,10,V,1,2019,7.1,AC,2,2019,10412,V,1,2019,12.5,V,1,2018,10002,V,2,2019,9,AC,2,2019,11.15,V,1,2019,10,V,2,2019,9,AC,2,2019,16275,V,1,2018,10,V,2,2019,10904,V,2,2019
17005602,7,AC,2,2019,11.2,V,1,2019,11.2,V,1,2018,9.1,AC,2,2019,12.55,V,1,2018,14,V,1,2018,10842,V,2,2019,7,AC,2,2019,11.4,V,1,2019,12,V,1,2019,11,V,1,2019,13.85,V,1,2018,13.15,V,1,2018,11.4,V,2,2019
17005609,7.5,NV,2,2019,8,NV,2,2019,2.6,NRA,1,2019,5,NV,2,2019,7514,NV,2,2019,10125,V,1,2019,6.79,NV,2,2019,,,,,,,,,14,V,1,2019,11,V,1,2019,13.43,V,1,2019,10,V,1,2019,,,1,2019
17005611,,,,,,,,,5.3,NV,2,2019,3.2,NRA,1,2019,6688,NV,2,2019,12,V,1,2018,,,1,2019,,,,,10,V,1,2019,,,,,5,NV,2,2019,11.71,V,1,2019,6,NV,2,2019,,,1,2019
17005612,,,,,,,,,0,NRA,1,2019,0,NRA,1,2019,0,NRA,1,2019,10,V,1,2018,,,1,2019,,,,,,,,,,,,,,,,,0,NV,2,2019,,,,,,,1,2019
17005613,10125,V,1,2019,11,V,1,2019,11.7,V,1,2019,10.2,V,1,2018,10.65,V,1,2018,11,V,1,2018,10779,V,1,2019,8.5,AC,2,2019,11.15,V,1,2018,10,V,1,2019,10,V,2,2019,13.8,V,1,2018,10,V,2,2018,10575,V,2,2019
17005615,11.75,V,1,2018,10,V,2,2018,11.6,V,1,2018,9,AC,2,2018,10.6,V,1,2018,13.25,V,1,2018,11033,V,2,2018,10,V,2,2019,13.2,V,1,2018,19,V,1,2019,10.75,V,1,2018,15.35,V,1,2018,10,V,2,2019,13.05,V,2,2019
17005623,8.5,AC,2,2018,10,V,2,2018,10,V,1,2018,10,V,2,2018,10,V,2,2018,14.5,V,1,2018,10.5,V,2,2018,13375,V,1,2019,11.95,V,1,2018,16,V,1,2019,13375,V,1,2018,14.6,V,1,2018,10,V,2,2018,13217,V,1,2019
17005628,14705,V,1,2018,12.4,V,1,2018,10.05,V,1,2018,11.6,V,1,2018,11.75,V,1,2018,10,V,1,2018,11751,V,1,2018,10.25,V,1,2019,10,V,2,2018,10.9,V,1,2018,15.75,V,1,2018,12.15,V,1,2018,10.4,V,1,2018,11575,V,1,2019
17005630,10,V,1,2019,10.6,V,1,2019,10,V,1,2019,10,V,1,2019,12376,V,1,2019,10,V,1,2018,10496,V,1,2019,10,V,2,2018,10.9,V,1,2019,12,V,1,2019,11,V,1,2019,16,V,1,2019,15,V,1,2019,12483,V,1,2019
17005634,10,V,1,2019,7,AC,2,2019,10.4,V,1,2019,10,V,2,2018,12.95,V,1,2018,11.5,V,1,2018,10308,V,2,2019,12.05,V,1,2018,10.35,V,1,2019,15,V,1,2019,10,V,1,2019,15.55,V,1,2018,10,V,2,2018,12158,V,1,2019
17005644,10,V,2,2019,7,AC,2,2019,10,V,1,2019,7,AC,2,2019,10,V,1,2019,12,V,1,2018,9333,AC,2,2019,10,V,2,2019,12.8,V,1,2019,14,V,1,2019,10,V,1,2019,12.75,V,1,2018,10.2,V,1,2018,11625,V,2,2019
17005646,14.75,V,1,2019,11.5,V,1,2019,11,V,1,2018,10.8,V,1,2018,11.8,V,1,2018,12,V,1,2018,11975,V,1,2019,10.03,V,1,2019,14.4,V,1,2019,15,V,1,2019,15,V,1,2019,16.55,V,1,2018,14.4,V,1,2018,14.23,V,1,2019
17005655,10,V,2,2019,2.6,NRA,1,2019,6.9,NV,2,2019,.8,NRA,1,2019,7,NV,2,2019,10375,V,1,2019,6279,NV,2,2019,,,,,,,,,,,,,,,,,,,,,,,,,,,,
17005657,10,V,2,2019,7,NV,2,2019,8,NV,2,2019,9,NV,2,2019,7.38,NV,2,2019,12.25,V,1,2018,8938,NV,2,2019,,,,,9,NV,2,2019,10,V,1,2019,,,,,14,V,1,2019,10,V,2,2019,,,1,2019
17005659,9,AC,2,2018,12.4,V,1,2018,10.4,V,1,2018,11,V,1,2018,11.15,V,1,2018,12,V,1,2018,10992,V,2,2018,10,V,2,2019,9.15,AC,2,2019,11,V,1,2019,10,V,2,2019,14.5,V,1,2018,10,V,2,2018,10775,V,2,2019
17005668,10,V,2,2019,5.5,NV,2,2019,10,V,1,2019,2.6,NRA,1,2019,10,V,2,2019,13,V,1,2018,8517,NV,2,2019,10,V,2,2019,7.9,AC,2,2019,10,V,1,2019,8,AC,2,2019,16.8,V,1,2019,10,V,2,2019,10.45,V,2,2019
17005670,10.75,V,1,2019,10,V,2,2018,11.7,V,1,2019,11,V,1,2019,13826,V,1,2019,15.5,V,1,2018,12129,V,1,2019,10.1,V,1,2018,10,V,1,2018,14,V,1,2019,14.5,V,1,2019,17.1,V,1,2019,15,V,1,2019,13.45,V,1,2019
17005675,10,V,2,2018,9,AC,2,2019,11.7,V,1,2019,10.75,V,1,2019,10,V,2,2019,12,V,1,2018,10575,V,2,2019,10.03,V,1,2019,10.05,V,1,2018,10,V,2,2018,13,V,1,2019,12.25,V,1,2018,12,V,1,2019,11222,V,1,2019
17005676,10,V,2,2019,13.6,V,1,2019,10.4,V,1,2019,10,V,2,2018,12.9,V,1,2019,11.75,V,1,2018,11442,V,2,2019,9,AC,2,2019,14.3,V,1,2018,20,V,1,2019,12,V,1,2019,16.4,V,1,2018,10.6,V,1,2018,13717,V,2,2019
17005679,0,NRA,1,2019,0,NRA,1,2019,0,NRA,1,2019,0,NRA,1,2019,0,NRA,1,2019,0,NRA,1,2019,0,NV,2,2019,,,,,0,NV,2,2019,,,,,,,,,0,NV,2,2019,0,NV,2,2019,,,1,2019
17005685,10,V,2,2018,12,V,1,2019,12.5,V,1,2019,10,V,2,2018,12112,V,1,2019,11,V,1,2018,11269,V,1,2019,10,V,2,2019,12.9,V,1,2019,15,V,1,2019,10.5,V,1,2019,12525,V,1,2018,10,V,2,2018,11821,V,2,2019
17005689,0,NRA,1,2019,0,NRA,1,2019,2.2,NRA,1,2019,1.2,NRA,1,2019,11.8,V,1,2018,10,V,1,2018,4.2,NV,2,2019,0,NV,2,2019,0,NV,2,2019,0,NV,2,2019,0,NV,2,2019,10.7,V,1,2018,10,V,2,2018,3.45,NV,2,2019
17005693,0,NRA,1,2019,0,NRA,1,2019,0,NRA,1,2019,0,NRA,1,2019,0,NRA,1,2019,0,NRA,1,2019,0,NV,2,2019,0,NV,2,2019,0,NV,2,2019,0,NV,2,2019,0,NV,2,2019,0,NV,2,2019,0,NV,2,2019,0,NV,2,2019
17005695,10,V,2,2019,,,,,10,V,2,2019,7.5,NV,2,2019,9,NV,2,2019,11.25,V,1,2018,,,1,2019,10,V,2,2019,14.2,V,1,2019,,,,,,,,,16.86,V,1,2019,15,V,1,2019,,,1,2019
17005703,11.5,V,1,2019,13.2,V,1,2019,12.1,V,1,2019,10.9,V,1,2019,13276,V,1,2019,10,V,2,2018,11829,V,1,2019,12,V,1,2019,16,V,1,2019,14,V,1,2019,13,V,1,2019,11.25,V,1,2018,14,V,1,2019,13375,V,1,2019
17005728,10,V,1,2019,13.5,V,1,2019,10,V,1,2019,10,V,2,2019,11.7,V,1,2018,10,V,2,2018,10867,V,2,2019,10.05,V,1,2019,11.05,V,1,2019,11,V,1,2019,13,V,1,2019,11875,V,1,2018,11,V,1,2019,11329,V,1,2019
17005740,8.5,AC,2,2018,10,V,2,2018,10.1,V,1,2018,10,V,2,2018,10,V,2,2018,13.75,V,1,2018,10392,V,2,2018,15.95,V,1,2019,11.35,V,1,2018,16,V,1,2019,14,V,1,2019,12.9,V,1,2018,13,V,1,2019,13867,V,1,2019
17005743,10,V,2,2019,10,V,1,2019,10.6,V,1,2019,12.8,V,1,2019,11.7,V,1,2018,15,V,1,2018,11683,V,2,2019,10,V,2,2019,13.1,V,1,2018,10,V,1,2018,10625,V,1,2018,13.35,V,1,2018,18,V,1,2019,12513,V,2,2019
17005755,10,V,2,2019,8,AC,2,2019,7.5,AC,2,2019,7,AC,2,2019,10,V,2,2019,13.25,V,1,2018,9292,AC,2,2019,10,V,2,2019,13,V,1,2019,15,V,1,2019,12,V,1,2019,11.85,V,1,2018,16,V,1,2019,12975,V,2,2019
17005762,10,V,1,2019,10,V,1,2019,10.9,V,1,2019,10,V,2,2019,10.4,V,1,2018,11,V,1,2018,10383,V,2,2019,10,V,2,2019,8.5,AC,2,2019,10,V,1,2018,13.5,V,1,2019,13575,V,1,2018,10,V,1,2019,10929,V,2,2019
17005767,10,V,2,2018,10,V,2,2019,10.8,V,1,2019,10.1,V,1,2019,10,V,2,2019,10,V,1,2018,10.15,V,2,2019,10,V,2,2018,10,V,2,2018,19,V,1,2019,9,AC,2,2019,12525,V,1,2018,11,V,1,2019,11921,V,2,2019
17005770,,,,,,,,,,,,,2.4,NRA,1,2019,4562,NRA,1,2019,10.75,V,1,2018,,,1,2019,,,,,,,,,,,,,,,,,14,V,1,2019,,,,,,,1,2019
17005772,10,V,1,2019,5,NV,2,2019,8,NV,2,2019,1.8,NRA,1,2019,9,NV,2,2019,11.5,V,1,2018,7.55,NV,2,2019,,,,,11.2,V,1,2019,10,V,1,2019,,,,,16.8,V,1,2019,11,V,1,2019,,,1,2019
17005776,8.5,AC,2,2019,10.4,V,1,2019,10.8,V,1,2019,12.1,V,1,2019,10,V,2,2019,12,V,1,2018,10633,V,2,2019,12,V,1,2019,10,V,2,2018,15,V,1,2019,18.5,V,1,2019,13575,V,1,2018,16,V,1,2019,14179,V,1,2019
17005780,0,NRA,1,2019,,,,,0,NRA,1,2019,0,NRA,1,2019,0,NRA,1,2019,12.25,V,1,2018,,,1,2019,,,,,,,,,,,,,,,,,0,NV,2,2019,,,,,,,1,2019
17005786,10,V,2,2019,10,V,1,2019,10,V,1,2019,12.7,V,1,2019,8,AC,2,2019,11.25,V,1,2019,10325,V,2,2019,,,,,14.65,V,1,2019,15,V,1,2019,14,V,1,2019,13275,V,1,2018,17,V,1,2019,,,1,2019
17005803,0,NRA,1,2019,0,NRA,1,2019,1.2,NRA,1,2019,0,NRA,1,2019,0,NRA,1,2019,0,NRA,1,2019,.2,NV,2,2019,7.5,AC,2,2019,10,V,1,2019,13,V,1,2019,12.5,V,1,2019,16,V,1,2019,15,V,1,2019,12333,V,2,2019
17005804,11875,V,1,2019,12.8,V,1,2019,10,V,1,2018,10.6,V,1,2019,10.55,V,1,2018,10,V,2,2018,10971,V,1,2019,10,V,2,2018,11.85,V,1,2018,10.4,V,1,2018,15.5,V,1,2019,12.55,V,1,2018,14,V,1,2018,12383,V,1,2019
17005810,0,NRA,1,2019,0,NRA,1,2019,0,NRA,1,2019,0,NRA,1,2019,.6,NRA,1,2019,11.5,V,1,2018,2017,NV,2,2019,,,,,0,NV,2,2019,,,,,10.5,V,1,2019,17.7,V,1,2019,,,,,,,1,2019
17005824,,,,,,,,,,,,,0,NRA,1,2019,8,NV,2,2019,10,V,2,2018,,,1,2019,,,,,,,,,,,,,,,,,12,V,1,2019,10,V,2,2019,,,1,2019
17005829,10,V,2,2019,12.8,V,1,2018,10.9,V,1,2018,7,AC,2,2019,10.8,V,1,2018,12.25,V,1,2018,10625,V,2,2019,12,V,1,2019,8.5,AC,2,2019,19,V,1,2019,12,V,1,2019,15.5,V,1,2018,10.05,V,1,2018,12842,V,2,2019
17005831,11.75,V,1,2019,10.2,V,1,2019,11,V,1,2019,10.7,V,1,2019,12688,V,1,2019,11.75,V,1,2018,11348,V,1,2019,10.03,V,1,2019,13.15,V,1,2018,14,V,1,2019,10,V,2,2019,15.25,V,1,2018,13,V,1,2019,12572,V,2,2019
17005840,10,V,1,2019,10,V,1,2019,10.7,V,1,2019,10.5,V,1,2018,12.2,V,1,2018,12.25,V,1,2018,10942,V,1,2019,10.03,V,1,2019,13.25,V,1,2018,18,V,1,2019,16,V,1,2019,13.7,V,1,2018,17,V,1,2019,14663,V,1,2019
17005843,15.25,V,1,2019,8,AC,2,2019,10.05,V,1,2019,10,V,2,2018,10,V,2,2019,11.75,V,1,2018,10842,V,2,2019,8,AC,2,2019,11.6,V,1,2018,16,V,1,2019,10,V,2,2018,12.65,V,1,2018,15,V,1,2019,12208,V,2,2019
17005847,10,V,2,2019,7,AC,2,2019,10.6,V,1,2019,10,V,2,2018,12068,V,1,2019,10,V,2,2018,9945,AC,2,2019,10,V,2,2019,17.3,V,1,2019,15,V,1,2019,10.5,V,1,2019,15.43,V,1,2019,14,V,1,2019,13705,V,2,2019
17005857,10,V,2,2019,7,AC,2,2019,7.9,AC,2,2019,10.9,V,1,2019,10,V,2,2018,10,V,2,2018,9.3,AC,2,2019,7,AC,2,2019,13.4,V,1,2019,13,V,1,2019,12,V,1,2019,11.6,V,1,2018,14,V,1,2019,11833,V,2,2019
17005859,13125,V,1,2019,11.4,V,1,2019,10,V,2,2018,7.8,AC,2,2019,10538,V,1,2019,8.5,AC,2,2019,10227,V,2,2019,10,V,2,2019,12.9,V,1,2019,10,V,1,2018,10,V,1,2019,10975,V,1,2018,14,V,1,2019,11313,V,2,2019
17005860,10,V,2,2019,10.3,V,1,2018,12.9,V,1,2019,14.15,V,1,2019,11.1,V,1,2018,10,V,1,2018,11408,V,2,2019,14.25,V,1,2019,10.3,V,1,2018,12,V,1,2019,11,V,1,2019,12.55,V,1,2018,15,V,1,2019,12517,V,1,2019
17005865,12375,V,1,2019,11.5,V,1,2019,11.5,V,1,2019,10,V,2,2019,11.5,V,1,2018,10,V,2,2018,11146,V,2,2019,14,V,1,2019,10.55,V,1,2018,15,V,1,2019,13.5,V,1,2019,15.65,V,1,2018,10,V,2,2018,13117,V,1,2019
17005874,12.25,V,1,2019,10,V,2,2019,10.7,V,1,2019,10,V,2,2019,10013,V,1,2019,13,V,1,2019,10994,V,2,2019,7.5,AC,2,2019,13.9,V,1,2019,12,V,1,2019,12.5,V,1,2019,16,V,1,2018,14.8,V,1,2018,12783,V,2,2019
17005876,7.5,NV,2,2019,8,NV,2,2019,10,V,2,2019,4.4,NRA,1,2019,9,NV,2,2019,12.5,V,1,2018,8567,NV,2,2019,10,V,2,2018,10.6,V,1,2018,0,NV,2,2019,0,NV,2,2019,13125,V,1,2018,10,V,2,2018,7288,NV,2,2019
17005877,,,,,,,,,,,,,3.4,NRA,1,2019,,,,,10,V,2,2019,,,1,2019,,,,,12,V,1,2019,14,V,1,2019,,,,,18,V,1,2019,10,V,2,2019,,,1,2019
17005912,13.25,V,1,2019,7,AC,2,2019,10.1,V,1,2019,10,V,2,2018,12096,V,1,2019,12,V,1,2018,10741,V,2,2019,10,V,2,2019,11.65,V,1,2018,11,V,1,2019,10,V,1,2019,14875,V,1,2018,10,V,2,2018,11254,V,2,2019
17005937,,,,,7,NV,2,2019,7,NV,2,2019,3.7,NRA,1,2019,7612,NV,2,2019,10.5,V,1,2018,,,1,2019,7,AC,2,2019,10.1,V,1,2019,10,V,2,2019,8,AC,2,2019,10.05,V,1,2018,18,V,1,2019,10525,V,2,2019
17006037,12.1,V,1,2018,12.65,V,1,2018,10,V,2,2018,11.4,V,1,2019,10.2,V,1,2018,15.25,V,1,2018,11933,V,1,2019,10,V,2,2018,13.1,V,1,2018,10,V,2,2018,13125,V,1,2018,11.65,V,1,2018,11.1,V,1,2018,11496,V,2,2018
17006040,5,NV,2,2019,5,NV,2,2019,10,V,1,2019,0,NRA,1,2019,11312,V,1,2019,10,V,2,2018,6885,NV,2,2019,,,,,,,,,,,,,,,,,16.9,V,1,2019,,,,,,,1,2019
17006042,10125,V,1,2019,13.6,V,1,2019,10,V,2,2019,11.5,V,1,2018,11.1,V,1,2018,11.5,V,1,2019,11304,V,2,2019,10,V,2,2019,10,V,2,2019,16,V,1,2019,12,V,1,2019,13025,V,1,2018,10,V,1,2018,11838,V,2,2019
17006048,10.25,V,1,2019,8.6,AC,2,2019,13.2,V,1,2019,13.3,V,1,2019,10,V,2,2018,12.5,V,1,2018,11308,V,2,2019,14.5,V,1,2019,12.6,V,1,2018,11.6,V,1,2018,14.5,V,1,2019,13.6,V,1,2018,17,V,1,2019,13967,V,1,2019
17006056,11625,V,1,2019,11.6,V,1,2019,12.3,V,1,2019,10.4,V,1,2019,12762,V,1,2019,12625,V,1,2019,11885,V,1,2019,10,V,2,2018,10,V,2,2019,16,V,1,2019,11,V,1,2019,13.71,V,1,2019,10,V,2,2019,11785,V,2,2019
17006067,10,V,1,2019,10.2,V,1,2019,11.6,V,1,2019,12.6,V,1,2019,9.8,AC,2,2019,15.25,V,1,2018,11575,V,2,2019,10.03,V,1,2019,12.7,V,1,2018,10,V,2,2018,14,V,1,2019,11.85,V,1,2018,17,V,1,2019,12597,V,1,2019
17006072,12.65,V,1,2018,10.2,V,1,2018,8.7,AC,2,2018,10,V,2,2018,11.45,V,1,2018,10,V,2,2018,10.5,V,2,2018,13675,V,1,2019,10.2,V,1,2018,17,V,1,2019,12,V,1,2019,15.4,V,1,2019,10,V,1,2019,13046,V,1,2019
17006077,8,AC,2,2019,10.6,V,1,2019,11.7,V,1,2019,7,AC,2,2019,10,V,2,2019,10,V,1,2018,9.55,AC,2,2019,10,V,2,2019,10,V,2,2019,11,V,1,2019,7,AC,2,2019,14.57,V,1,2019,10,V,1,2019,10428,V,2,2019
17006080,10,V,2,2018,10,V,1,2019,10,V,2,2019,11.2,V,1,2019,10,V,2,2018,10,V,1,2018,10.2,V,2,2019,10.03,V,1,2019,10.9,V,1,2019,16,V,1,2019,11,V,1,2019,12375,V,1,2018,10,V,2,2018,11718,V,1,2019
17006142,10,V,1,2019,10,V,2,2019,10.7,V,1,2019,7,AC,2,2019,11176,V,1,2019,15,V,1,2019,10646,V,2,2019,8.75,AC,2,2019,17.7,V,1,2019,15,V,1,2019,11.5,V,1,2019,15.7,V,1,2019,13,V,1,2019,13608,V,2,2019
17006272,10,V,1,2019,7.7,AC,2,2019,11.1,V,1,2019,8,AC,2,2019,12988,V,1,2019,12.55,V,1,2019,10.39,V,2,2019,3,NV,2,2019,13.4,V,1,2019,18,V,1,2019,13.5,V,1,2019,16.2,V,1,2019,17,V,1,2019,13517,NV,2,2019
17006276,11,V,1,2019,11.2,V,1,2019,10.9,V,1,2019,11.2,V,1,2019,12938,V,1,2019,11.5,V,1,2018,11456,V,1,2019,10,V,2,2018,10,V,1,2018,14,V,1,2019,10,V,1,2018,13.2,V,1,2018,14,V,1,2019,11867,V,1,2019
17006280,10.05,V,1,2018,12.15,V,1,2018,10.1,V,1,2018,11.2,V,1,2019,14626,V,1,2019,11.75,V,1,2018,11646,V,1,2019,10.75,V,1,2018,16.2,V,1,2019,10.8,V,1,2018,16,V,1,2019,17.4,V,1,2019,10,V,2,2018,13525,V,1,2019
17006305,9,AC,2,2019,10.2,V,1,2019,10.4,V,1,2019,11.85,V,1,2019,10312,V,1,2019,13.92,V,1,2018,10947,V,2,2019,12.25,V,1,2019,11.1,V,1,2019,14,V,1,2019,11.5,V,1,2019,18.1,V,1,2018,16,V,1,2019,13825,V,1,2019
17006319,10,V,2,2018,10,V,2,2019,12.9,V,1,2019,10,V,2,2018,10,V,2,2018,11.5,V,1,2018,10733,V,2,2019,13.5,V,1,2019,14.65,V,1,2019,13,V,1,2019,13,V,1,2019,15.14,V,1,2019,11,V,1,2019,13382,V,1,2019
17006767,12.25,V,1,2019,8,AC,2,2019,10,V,1,2019,11.4,V,1,2019,10,V,2,2019,12,V,1,2018,10608,V,2,2019,10.03,V,1,2019,11.15,V,1,2018,11,V,1,2019,10625,V,1,2018,12225,V,1,2018,17,V,1,2019,12005,V,1,2019
17006768,10,V,2,2019,9,AC,2,2019,10,V,1,2019,11.2,V,1,2019,11126,V,1,2019,10.75,V,1,2018,10346,V,2,2019,9,AC,2,2019,12.6,V,1,2019,10,V,2,2019,11.5,V,1,2019,15.35,V,1,2018,16,V,1,2019,12408,V,2,2019
17006804,10,V,2,2019,3.2,NRA,1,2019,8.7,NV,2,2019,10,V,2,2019,12388,V,1,2019,14175,V,1,2019,9744,NV,2,2019,8.5,AC,2,2019,9,AC,2,2019,14,V,1,2019,10,V,2,2019,11.7,V,1,2019,10,V,2,2019,10533,V,2,2019
17007130,10,V,2,2019,10.6,V,1,2019,8,AC,2,2019,8,AC,2,2019,10,V,2,2019,10,V,2,2018,9433,AC,2,2019,10,V,2,2019,15.2,V,1,2019,13,V,1,2019,10,V,1,2019,11725,V,1,2018,12,V,1,2019,11988,V,2,2019
17007151,10,V,2,2019,10,V,1,2019,10.2,V,1,2018,10,V,2,2018,9,AC,2,2019,13,V,1,2018,10367,V,2,2019,8.5,AC,2,2019,10.9,V,1,2019,13,V,1,2019,15,V,1,2018,12.05,V,1,2018,12,V,1,2019,11908,V,2,2019
17007320,,,,,,,,,,,,,4.5,NRA,1,2019,1.55,NRA,1,2019,0,NRA,1,2019,,,1,2019,,,,,10.1,V,1,2019,,,,,,,,,13.71,V,1,2019,10,V,1,2019,,,1,2019
17007349,0,NRA,1,2019,5.8,NV,2,2019,8.2,NV,2,2019,2.8,NRA,1,2019,10,V,2,2018,12,V,1,2018,6467,NV,2,2019,0,NV,2,2019,0,NV,2,2019,0,NV,2,2019,0,NV,2,2019,0,NV,2,2019,0,NV,2,2019,0,NV,2,2019
17007363,10,V,1,2019,8,AC,2,2019,10.1,V,1,2019,8.7,AC,2,2019,9,AC,2,2019,12.25,V,1,2018,9675,AC,2,2019,10,V,2,2019,13.8,V,1,2019,10,V,2,2019,15,V,1,2019,10.65,V,1,2018,13,V,1,2019,12075,V,2,2019
17007393,10,V,1,2019,10,V,2,2019,11.4,V,1,2019,7,AC,2,2019,11.78,V,1,2019,12.5,V,1,2019,10447,V,2,2019,7,AC,2,2019,15.3,V,1,2019,15,V,1,2019,13,V,1,2019,11425,V,1,2018,10,V,2,2019,11954,V,2,2019
17007671,14.05,V,1,2018,12.2,V,1,2019,12.5,V,1,2019,11.2,V,1,2018,10,V,2,2018,15,V,1,2018,12492,V,1,2019,11025,V,1,2018,12.45,V,1,2018,15.25,V,1,2018,17.5,V,1,2018,16.3,V,1,2018,13.45,V,1,2018,14329,V,1,2018
17007677,11,V,1,2019,12.5,V,1,2019,11.8,V,1,2019,10,V,2,2018,11.05,V,1,2018,11.5,V,1,2018,11308,V,1,2019,7.75,AC,2,2019,13.05,V,1,2018,12,V,1,2019,12,V,1,2019,14.55,V,1,2018,10,V,2,2018,11558,V,2,2019
17007728,7,AC,2,2019,7.2,AC,2,2019,11.8,V,1,2019,7.1,AC,2,2019,12.2,V,1,2018,12,V,1,2018,9.55,AC,2,2019,7.5,AC,2,2019,13.4,V,1,2019,13,V,1,2019,10,V,1,2019,14.57,V,1,2019,15,V,1,2019,12245,V,2,2019
17007730,11125,V,1,2019,7,AC,2,2019,10,V,1,2019,10,V,2,2019,10,V,2,2019,10.5,V,1,2018,9771,AC,2,2019,8.75,AC,2,2019,10,V,2,2018,16,V,1,2019,12,V,1,2019,15.7,V,1,2019,10,V,2,2018,12075,V,2,2019
17007757,10,V,2,2019,,,,,7,NV,2,2019,5.6,NV,2,2019,10,V,2,2019,12,V,1,2018,,,1,2019,10,V,2,2019,15.6,V,1,2019,20,V,1,2019,9,AC,2,2019,10675,V,1,2018,12,V,1,2019,12879,V,2,2019
17007758,,,,,,,,,2.1,NRA,1,2019,3.9,NRA,1,2019,6.5,NV,2,2019,12,V,1,2018,,,1,2019,,,,,,,,,,,,,,,,,12.86,V,1,2019,10,V,2,2019,,,1,2019
17007764,12543,V,1,2018,7.8,AC,2,2018,11.7,V,1,2018,7,AC,2,2018,11.5,V,1,2018,10,V,2,2018,10091,V,2,2018,10,V,2,2019,11.95,V,1,2018,11,V,1,2019,11625,V,1,2018,16.35,V,1,2018,10.2,V,1,2018,11854,V,2,2019
17007765,8,AC,2,2019,10,V,1,2019,10.1,V,1,2019,8.9,AC,2,2019,8126,AC,2,2019,10,V,1,2018,9188,AC,2,2019,8,AC,2,2019,17.4,V,1,2019,12,V,1,2019,10,V,1,2019,15.71,V,1,2019,14,V,1,2019,12852,V,2,2019
17007767,10,V,2,2018,10,V,2,2018,12.5,V,1,2018,13.45,V,1,2019,10,V,2,2019,10,V,1,2018,10992,V,2,2019,10,V,2,2019,15.35,V,1,2019,11.6,V,1,2018,13,V,1,2019,15.43,V,1,2019,10,V,2,2018,12563,V,2,2019
17007769,10.25,V,1,2019,7,AC,2,2019,10,V,1,2019,7,AC,2,2019,10,V,2,2019,10,V,2,2019,9042,AC,2,2019,7.5,AC,2,2019,12,V,1,2019,20,V,1,2019,10.5,V,1,2019,14.8,V,1,2019,10,V,1,2019,12467,V,2,2019
17007980,14,V,1,2019,10,V,2,2018,10.8,V,1,2019,12.95,V,1,2019,10468,V,1,2019,10,V,1,2019,11.37,V,1,2019,10.03,V,1,2019,13.25,V,1,2019,18,V,1,2019,13,V,1,2019,14925,V,1,2018,10.4,V,1,2018,13268,V,1,2019
17007981,,,,,,,,,,,,,2.4,NRA,1,2019,0,NRA,1,2019,10.25,V,1,2018,,,1,2019,,,,,,,,,,,,,,,,,0,NV,2,2019,0,NV,2,2019,,,1,2019
17008004,8.5,AC,2,2019,10,V,2,2019,8,AC,2,2019,10.2,V,1,2018,7,AC,2,2019,12.5,V,1,2018,9367,AC,2,2019,10,V,2,2019,15.4,V,1,2019,12,V,1,2019,13,V,1,2019,14.57,V,1,2019,13,V,1,2019,12995,V,2,2019
17008007,2,NRA,1,2019,5.2,NV,2,2019,7.8,NV,2,2019,5.5,NV,2,2019,11012,V,1,2019,12925,V,1,2019,7406,NV,2,2019,6,NV,2,2019,4.8,NV,2,2019,11,V,1,2019,8,NV,2,2019,17.7,V,1,2019,8,NV,2,2019,9.25,NV,2,2019
17008008,7,AC,2,2019,10,V,2,2019,11.1,V,1,2018,13.6,V,1,2018,11.3,V,1,2018,17,V,1,2018,11667,V,2,2019,10325,V,1,2018,10.45,V,1,2018,12.1,V,1,2018,12.75,V,1,2018,16525,V,1,2018,11.4,V,1,2018,12258,V,1,2018
17009745,10125,V,1,2019,8,AC,2,2019,10,V,2,2019,10.05,V,1,2018,9,AC,2,2019,14.25,V,1,2018,10238,V,2,2019,10,V,2,2019,12.05,V,1,2018,13,V,1,2019,12.5,V,1,2019,10.55,V,1,2018,10,V,2,2018,11.35,V,2,2019
17010732,12,V,1,2019,10,V,1,2019,11.3,V,1,2019,10,V,2,2018,12162,V,1,2019,13.25,V,1,2018,11452,V,1,2019,10,V,2,2019,11.85,V,1,2018,14,V,1,2019,10125,V,1,2018,17.1,V,1,2019,10,V,2,2019,12179,V,2,2019
17011412,0,NRA,1,2019,0,NRA,1,2019,0,NRA,1,2019,0,NRA,1,2019,0,NRA,1,2019,12,V,1,2018,2,NV,2,2019,0,NV,2,2019,0,NV,2,2019,0,NV,2,2019,0,NV,2,2019,0,NV,2,2019,0,NV,2,2019,0,NV,2,2019
17011572,10,V,2,2019,,,,,,,,,5,NV,2,2019,2338,NRA,1,2019,10,V,2,2019,,,1,2019,,,,,12.9,V,1,2019,,,,,,,,,12.86,V,1,2019,13,V,1,2019,,,1,2019
17011810,13625,V,1,2019,10,V,2,2018,13.8,V,1,2019,12.5,V,1,2018,14026,V,1,2019,16,V,1,2018,13325,V,1,2019,10,V,2,2018,13.1,V,1,2018,8.2,AC,2,2018,10,V,1,2018,18.5,V,1,2018,12,V,1,2018,11967,V,2,2018
18000631,13.68,V,1,2019,12.6,V,1,2019,,,,,10,V,1,2019,7,NV,2,2019,13375,V,1,2019,,,1,2019,8.5,AC,2,2019,14.3,V,1,2019,13,V,1,2019,14,V,1,2019,16,V,1,2019,15,V,1,2019,13467,V,2,2019
18001877,17,V,1,2019,11.8,V,1,2019,15.1,V,1,2019,13.55,V,1,2019,16512,V,1,2019,15875,V,1,2019,14973,V,1,2019,0,NV,2,2019,3,NV,2,2019,0,NV,2,2019,0,NV,2,2019,0,NV,2,2019,0,NV,2,2019,.5,NV,2,2019
18002012,16.25,V,1,2019,14,V,1,2019,13.6,V,1,2019,14.9,V,1,2019,17.8,V,1,2019,13.75,V,1,2019,15.05,V,1,2019,15.5,V,1,2019,14.7,V,1,2019,18,V,1,2019,17,V,1,2019,16.86,V,1,2019,14,V,1,2019,16.01,V,1,2019
18002068,10125,V,1,2019,16.5,V,1,2019,11.5,V,1,2019,10.7,V,1,2019,12.38,V,1,2019,12.75,V,1,2019,12326,V,1,2019,10.5,V,1,2019,12.6,V,1,2019,20,V,1,2019,11.5,V,1,2019,18,V,1,2019,11,V,1,2019,13933,V,1,2019
18002097,10875,V,1,2019,10,V,2,2019,13.8,V,1,2019,10,V,2,2019,13288,V,1,2019,14425,V,1,2019,12065,V,2,2019,10.03,V,1,2019,10,V,2,2019,10,V,1,2019,12,V,1,2019,17.1,V,1,2019,16,V,1,2019,12522,V,2,2019
18002209,15,V,1,2019,12.5,V,1,2019,11.4,V,1,2019,13.9,V,1,2019,12.35,V,1,2019,15625,V,1,2019,13463,V,1,2019,8.75,AC,2,2019,15.3,V,1,2019,11,V,1,2019,11,V,1,2019,19.1,V,1,2019,18,V,1,2019,13858,V,2,2019
18002224,8,AC,2,2019,10,V,2,2019,11,V,1,2019,11.82,V,1,2019,12538,V,1,2019,10875,V,1,2019,10706,V,2,2019,10,V,2,2019,11.9,V,1,2019,19,V,1,2019,10.5,V,1,2019,16.57,V,1,2019,10,V,1,2019,12995,V,2,2019
18002229,12.5,V,1,2019,14,V,1,2019,10.1,V,1,2019,10,V,2,2019,15037,V,1,2019,13,V,1,2019,12.44,V,2,2019,10,V,2,2019,13.8,V,1,2019,13,V,1,2019,13.5,V,1,2019,17.7,V,1,2019,15,V,1,2019,13833,V,2,2019
18002303,10,V,2,2019,10.8,V,1,2019,11.4,V,1,2019,8,AC,2,2019,9.45,AC,2,2019,12625,V,1,2019,10379,V,2,2019,10.03,V,1,2019,17.5,V,1,2019,16,V,1,2019,16.5,V,1,2019,14.86,V,1,2019,11,V,1,2019,14315,V,1,2019
18002408,0,NRA,1,2019,0,NRA,1,2019,0,NRA,1,2019,0,NRA,1,2019,0,NRA,1,2019,0,NRA,1,2019,0,NV,2,2019,0,NV,2,2019,0,NV,2,2019,0,NV,2,2019,0,NV,2,2019,0,NV,2,2019,0,NV,2,2019,0,NV,2,2019
18002553,0,NRA,1,2019,0,NRA,1,2019,0,NRA,1,2019,0,NRA,1,2019,0,NRA,1,2019,0,NRA,1,2019,0,NV,2,2019,0,NV,2,2019,,,,,0,NV,2,2019,,,,,0,NV,2,2019,,,,,,,1,2019
18002568,13.25,V,1,2019,12.8,V,1,2019,13.7,V,1,2019,10.4,V,1,2019,16062,V,1,2019,16,V,1,2019,13702,V,1,2019,19.5,V,1,2019,14.3,V,1,2019,15,V,1,2019,15.5,V,1,2019,18.2,V,1,2019,11,V,1,2019,15583,V,1,2019
18002570,9,NV,2,2019,10,V,1,2019,10,V,1,2019,6.6,NV,2,2019,,,,,12.75,V,1,2019,,,1,2019,,,,,,,,,,,,,12,V,1,2019,16.57,V,1,2019,,,,,,,1,2019
18002583,0,NRA,1,2019,0,NRA,1,2019,0,NRA,1,2019,0,NRA,1,2019,0,NRA,1,2019,0,NRA,1,2019,0,NV,2,2019,0,NV,2,2019,0,NV,2,2019,0,NV,2,2019,0,NV,2,2019,0,NV,2,2019,0,NV,2,2019,0,NV,2,2019
18002599,8,NV,2,2019,,,,,13.6,V,1,2019,10.9,V,1,2019,10,V,2,2019,11.75,V,1,2019,,,1,2019,10,V,2,2019,15.1,V,1,2019,13,V,1,2019,11,V,1,2019,14.86,V,1,2019,19,V,1,2019,13827,V,2,2019
18002604,10125,V,1,2019,13.2,V,1,2019,10.2,V,1,2019,7,AC,2,2019,10158,V,1,2019,13,V,1,2019,10614,V,2,2019,10.75,V,1,2019,16.7,V,1,2019,14,V,1,2019,12.5,V,1,2019,16.2,V,1,2019,13,V,1,2019,13858,V,1,2019
18002618,10,V,2,2019,10,V,2,2019,10.7,V,1,2019,8.05,AC,2,2019,10,V,2,2019,11.25,V,1,2019,10,V,2,2019,,,,,,,,,17,V,1,2019,12,V,1,2019,12.29,V,1,2019,12,V,1,2019,,,1,2019
18002619,3.5,NRA,1,2019,10,V,2,2019,3.7,NRA,1,2019,2.7,NRA,1,2019,10,V,2,2019,10,V,2,2019,6.65,NV,2,2019,0,NV,2,2019,6.8,NV,2,2019,11,V,1,2019,0,NV,2,2019,10.29,V,1,2019,10,V,1,2019,6348,NV,2,2019
18002622,,,,,,,,,10.1,V,1,2019,11.4,V,1,2019,,,,,16,V,1,2019,,,1,2019,,,,,,,,,,,,,,,,,14.2,V,1,2019,,,,,,,1,2019
18002631,10,V,1,2019,7.6,AC,2,2019,10,V,1,2019,11,V,1,2019,11.55,V,1,2019,13,V,1,2019,10525,V,2,2019,14.5,V,1,2019,13.4,V,1,2019,19,V,1,2019,11.5,V,1,2019,18,V,1,2019,12,V,1,2019,14733,V,1,2019
18002633,11125,V,1,2019,11,V,1,2019,12.4,V,1,2019,10.1,V,1,2019,13.9,V,1,2019,17,V,1,2019,12588,V,1,2019,10,V,2,2019,11.6,V,1,2019,13,V,1,2019,15.5,V,1,2019,17.4,V,1,2019,13,V,1,2019,13417,V,2,2019
18002642,14375,V,1,2019,8,AC,2,2019,13.4,V,1,2019,12.2,V,1,2019,11188,V,1,2019,14125,V,1,2019,12215,V,2,2019,9,AC,2,2019,14.3,V,1,2019,17,V,1,2019,14.5,V,1,2019,18.29,V,1,2019,18,V,1,2019,15182,V,2,2019
18002646,12.75,V,1,2019,12.2,V,1,2019,12.5,V,1,2019,10,V,2,2019,13962,V,1,2019,14675,V,1,2019,12681,V,2,2019,8.25,AC,2,2019,14.9,V,1,2019,16,V,1,2019,14.5,V,1,2019,16.5,V,1,2019,10,V,2,2019,13358,V,2,2019
18002648,8.5,AC,2,2019,10,V,1,2019,10.8,V,1,2019,10,V,2,2019,12038,V,1,2019,10.5,V,1,2019,10306,V,2,2019,,,,,14.2,V,1,2019,14,V,1,2019,10,V,1,2019,17.14,V,1,2019,12,V,1,2019,,,1,2019
18002651,,,,,,,,,,,,,3,NRA,1,2019,,,,,15925,V,1,2019,,,1,2019,,,,,,,,,,,,,,,,,10,V,2,2019,,,,,,,1,2019
18002661,0,NRA,1,2019,0,NRA,1,2019,3.6,NRA,1,2019,0,NRA,1,2019,0,NRA,1,2019,0,NRA,1,2019,.6,NV,2,2019,,,,,0,NV,2,2019,,,,,0,NV,2,2019,0,NV,2,2019,0,NV,2,2019,,,1,2019
18002667,10125,V,1,2019,10,V,1,2019,11.8,V,1,2019,7.6,AC,2,2019,14738,V,1,2019,12,V,1,2019,11044,V,2,2019,12.75,V,1,2019,12.1,V,1,2019,12,V,1,2019,14.5,V,1,2019,17.1,V,1,2019,17,V,1,2019,14242,V,1,2019
18002668,11125,V,1,2019,14,V,1,2019,12.9,V,1,2019,15.9,V,1,2019,14.5,V,1,2019,14425,V,1,2019,13808,V,1,2019,10,V,2,2019,13,V,1,2019,15,V,1,2019,16.5,V,1,2019,17.1,V,1,2019,17,V,1,2019,14767,V,2,2019
18002672,16,V,1,2019,15.5,V,1,2019,13.5,V,1,2019,14.4,V,1,2019,15.75,V,1,2019,14875,V,1,2019,15004,V,1,2019,14.75,V,1,2019,16.9,V,1,2019,18,V,1,2019,16.5,V,1,2019,19.1,V,1,2019,17,V,1,2019,17042,V,1,2019
18002675,,,,,0,NRA,1,2019,,,,,0,NRA,1,2019,,,,,0,NRA,1,2019,,,1,2019,,,,,,,,,,,,,,,,,,,,,,,,,,,,
18002678,,,,,12,V,1,2019,,,,,10,V,2,2019,,,,,14375,V,1,2019,,,1,2019,7.5,AC,2,2019,10.5,V,1,2019,15,V,1,2019,13,V,1,2019,18.57,V,1,2019,16,V,1,2019,13428,V,2,2019
18002680,10,V,2,2019,7.8,NV,2,2019,10,V,1,2019,7,NV,2,2019,9.5,NV,2,2019,13.5,V,1,2019,9633,NV,2,2019,,,,,12.2,V,1,2019,,,,,12,V,1,2019,12.8,V,1,2019,,,,,,,1,2019
18002687,7,NV,2,2019,7.4,NV,2,2019,11.4,V,1,2019,7.5,NV,2,2019,12438,V,1,2019,10,V,1,2019,9.29,NV,2,2019,0,NV,2,2019,0,NV,2,2019,0,NV,2,2019,0,NV,2,2019,0,NV,2,2019,0,NV,2,2019,0,NV,2,2019
18002689,,,,,,,,,3.6,NRA,1,2019,,,,,,,,,0,NRA,1,2019,,,1,2019,,,,,11.6,V,1,2019,,,,,,,,,17.1,V,1,2019,13,V,1,2019,,,1,2019
18002691,10,V,2,2019,10,V,1,2019,11.3,V,1,2019,8,AC,2,2019,10926,V,1,2019,10625,V,1,2019,10142,V,2,2019,,,,,,,,,11,V,1,2019,10,V,2,2019,14.57,V,1,2019,12,V,1,2019,,,1,2019
18002694,13,V,1,2019,10,V,1,2019,10,V,2,2019,8.4,AC,2,2019,12676,V,1,2019,10,V,2,2019,10679,V,2,2019,10.03,V,1,2019,15.9,V,1,2019,14,V,1,2019,13,V,1,2019,16.29,V,1,2019,17,V,1,2019,14.37,V,1,2019
18002696,0,NRA,1,2019,,,,,0,NRA,1,2019,0,NRA,1,2019,,,,,0,NRA,1,2019,,,1,2019,,,,,,,,,,,,,,,,,,,,,,,,,,,,
18002698,10,V,2,2019,12.5,V,1,2019,10,V,2,2019,7,AC,2,2019,11262,V,1,2019,12.5,V,1,2019,10544,V,2,2019,14.25,V,1,2019,10.5,V,1,2019,15,V,1,2019,7,AC,2,2019,18,V,1,2019,11,V,1,2019,12625,V,2,2019
18002703,10,V,2,2019,3.2,NRA,1,2019,11.6,V,1,2019,8,NV,2,2019,11.53,V,1,2019,10.75,V,1,2019,9.18,NV,2,2019,11.5,V,1,2019,17.4,V,1,2019,12,V,1,2019,11,V,1,2019,12.29,V,1,2019,15,V,1,2019,13198,V,1,2019
18002705,,,,,5,NV,2,2019,,,,,,,,,,,,,10.25,V,1,2019,,,1,2019,,,,,,,,,,,,,,,,,15.1,V,1,2019,11,V,1,2019,,,1,2019
18002708,10.75,V,1,2019,11.6,V,1,2019,11.4,V,1,2019,10.3,V,1,2019,13026,V,1,2019,13175,V,1,2019,11709,V,1,2019,10.03,V,1,2019,11.8,V,1,2019,10,V,1,2019,13.75,V,1,2019,14.8,V,1,2019,10,V,2,2019,11.73,V,2,2019
18002709,10,V,2,2019,7,AC,2,2019,11.3,V,1,2019,7,AC,2,2019,12812,V,1,2019,10.5,V,1,2019,9769,AC,2,2019,7,AC,2,2019,12.4,V,1,2019,11,V,1,2019,10,V,1,2019,17.71,V,1,2019,10,V,2,2019,11352,V,2,2019
18002711,14.25,V,1,2019,10.4,V,1,2019,11.4,V,1,2019,11.2,V,1,2019,13988,V,1,2019,12.5,V,1,2019,12.29,V,1,2019,11.75,V,1,2019,15.7,V,1,2019,17,V,1,2019,12,V,1,2019,18.29,V,1,2019,12,V,1,2019,14457,V,1,2019
18002712,,,,,,,,,,,,,.9,NRA,1,2019,,,,,13,V,1,2019,,,1,2019,,,,,,,,,,,,,,,,,0,NV,2,2019,,,,,,,1,2019
18002715,13125,V,1,2019,11.6,V,1,2019,12.5,V,1,2019,15.1,V,1,2019,14026,V,1,2019,13925,V,1,2019,13379,V,1,2019,10,V,2,2019,13.6,V,1,2019,12,V,1,2019,17,V,1,2019,17.7,V,1,2019,13,V,1,2019,13883,V,2,2019
18002814,10,V,2,2019,,,,,7,NV,2,2019,,,,,,,,,10,V,2,2019,,,1,2019,3.25,NV,2,2019,10,V,2,2019,11,V,1,2019,,,,,14,V,1,2019,15,V,1,2019,,,1,2019
18002883,10,V,2,2019,6,NV,2,2019,7,NV,2,2019,10.7,V,1,2019,11262,V,1,2019,14125,V,1,2019,9848,NV,2,2019,10,V,2,2019,13.4,V,1,2019,,,,,,,,,18,V,1,2019,13,V,1,2019,,,1,2019
18002890,12,V,1,2019,9,NV,2,2019,10.9,V,1,2019,5.6,NV,2,2019,11426,V,1,2019,11,V,1,2019,9988,NV,2,2019,,,,,,,,,17,V,1,2019,,,,,14,V,1,2019,11,V,1,2019,,,1,2019
18002899,14,V,1,2019,11.2,V,1,2019,10,V,2,2019,7.2,AC,2,2019,10,V,1,2019,9,AC,2,2019,10233,V,2,2019,10,V,1,2019,12.9,V,1,2019,10,V,1,2019,10,V,1,2019,19.14,V,1,2019,11,V,1,2019,12173,V,1,2019
18002907,10.5,V,1,2019,,,,,10.1,V,1,2019,4.6,NRA,1,2019,2.55,NRA,1,2019,0,NRA,1,2019,,,1,2019,10,V,2,2019,10.3,V,1,2019,10,V,2,2019,12,V,1,2019,15.14,V,1,2019,14,V,1,2019,11907,V,2,2019
18002929,,,,,.4,NRA,1,2019,3.6,NRA,1,2019,,,,,8,NV,2,2019,2,NRA,1,2019,,,1,2019,0,NV,2,2019,.7,NV,2,2019,0,NV,2,2019,0,NV,2,2019,0,NV,2,2019,0,NV,2,2019,.117,NV,2,2019
18002950,10,V,2,2019,11.8,V,1,2019,12.4,V,1,2019,10.2,V,1,2019,14838,V,1,2019,11875,V,1,2019,11852,V,2,2019,7,AC,2,2019,16.2,V,1,2019,12,V,1,2019,11,V,1,2019,16.57,V,1,2019,11,V,1,2019,12295,V,2,2019
18002953,10,V,2,2019,10.2,V,1,2019,10.7,V,1,2019,11.15,V,1,2019,9526,AC,2,2019,10,V,1,2019,10263,V,2,2019,8.5,AC,2,2019,12,V,1,2019,11,V,1,2019,10,V,1,2019,15.71,V,1,2019,10,V,1,2019,11202,V,2,2019
18002960,10,V,2,2019,10,V,1,2019,11.5,V,1,2019,10,V,2,2019,12376,V,1,2019,14.3,V,1,2019,11363,V,2,2019,10,V,2,2019,17.9,V,1,2019,14,V,1,2019,11.5,V,1,2019,12,V,1,2019,19,V,1,2019,14067,V,2,2019
18002965,0,NRA,1,2019,,,,,,,,,0,NRA,1,2019,0,NRA,1,2019,0,NRA,1,2019,,,1,2019,,,,,6,NV,2,2019,9,NV,2,2019,,,,,8.75,NV,2,2019,15,V,1,2019,,,1,2019
18003037,8,AC,2,2019,10,V,2,2019,13,V,1,2019,10,V,2,2019,10,V,2,2019,13625,V,1,2019,10771,V,2,2019,7,AC,2,2019,11.9,V,1,2019,14,V,1,2019,13,V,1,2019,14.57,V,1,2019,11,V,1,2019,11912,V,2,2019
18003053,,,,,4.7,NRA,1,2019,2.4,NRA,1,2019,1,NRA,1,2019,,,,,11.25,V,1,2019,,,1,2019,,,,,,,,,12,V,1,2019,,,,,10.86,V,1,2019,,,,,,,1,2019
18003076,0,NRA,1,2019,0,NRA,1,2019,0,NRA,1,2019,0,NRA,1,2019,,,,,0,NRA,1,2019,,,1,2019,,,,,,,,,,,,,,,,,0,NV,2,2019,,,,,,,1,2019
18003083,,,,,,,,,2.6,NRA,1,2019,,,,,,,,,13875,V,1,2019,,,1,2019,0,NV,2,2019,0,NV,2,2019,0,NV,2,2019,0,NV,2,2019,0,NV,2,2019,0,NV,2,2019,0,NV,2,2019
18003100,10,V,2,2019,,,,,,,,,.8,NRA,1,2019,10838,V,1,2019,10,V,2,2019,,,1,2019,0,NV,2,2019,.9,NV,2,2019,,,,,,,,,,,,,0,NV,2,2019,,,1,2019
18003107,0,NRA,1,2019,,,,,0,NRA,1,2019,0,NRA,1,2019,,,,,0,NRA,1,2019,,,1,2019,,,,,,,,,,,,,,,,,0,NV,2,2019,,,,,,,1,2019
18003111,,,,,10,V,1,2019,,,,,0,NRA,1,2019,,,,,10,V,2,2019,,,1,2019,,,,,,,,,,,,,,,,,,,,,,,,,,,,
18003156,14375,V,1,2019,14,V,1,2019,13.5,V,1,2019,10.3,V,1,2019,17288,V,1,2019,13.5,V,1,2019,13827,V,1,2019,11,V,1,2019,13.7,V,1,2019,17,V,1,2019,13,V,1,2019,18,V,1,2019,15,V,1,2019,14617,V,1,2019
18003162,10,V,2,2019,5,NV,2,2019,7.5,NV,2,2019,10,V,2,2019,8.5,NV,2,2019,15,V,1,2019,9333,NV,2,2019,0,NV,2,2019,3.45,NV,2,2019,0,NV,2,2019,0,NV,2,2019,0,NV,2,2019,0,NV,2,2019,.575,NV,2,2019
18003174,11375,V,1,2019,10,V,2,2019,11.6,V,1,2019,7,AC,2,2019,14288,V,1,2019,15.3,V,1,2019,11594,V,2,2019,10,V,2,2019,11.3,V,1,2019,13,V,1,2019,13,V,1,2019,16.8,V,1,2019,10,V,2,2019,12.35,V,2,2019
18003186,13875,V,1,2019,8,AC,2,2019,12,V,1,2019,10,V,2,2019,12526,V,1,2019,11625,V,1,2019,11338,V,2,2019,10,V,2,2019,15.4,V,1,2019,11,V,1,2019,12,V,1,2019,18.29,V,1,2019,19,V,1,2019,14282,V,2,2019
18003195,10,V,2,2019,14.5,V,1,2019,10,V,1,2019,7,AC,2,2019,11.15,V,1,2019,14875,V,1,2019,11254,V,2,2019,7.25,AC,2,2019,10.2,V,1,2019,9,AC,2,2019,12,V,1,2019,16.2,V,1,2019,10,V,2,2019,10775,V,2,2019
18003216,4,NRA,1,2019,,,,,,,,,,,,,10562,V,1,2019,,,,,,,1,2019,,,,,,,,,,,,,,,,,,,,,,,,,,,,
18003236,7,AC,2,2019,10,V,2,2019,10,V,1,2019,8,AC,2,2019,11226,V,1,2019,11.5,V,1,2019,9621,AC,2,2019,7,AC,2,2019,13.1,V,1,2019,15,V,1,2019,10,V,1,2019,13.43,V,1,2019,16,V,1,2019,12422,V,2,2019
18003245,.75,NRA,1,2019,11.6,V,1,2019,3.8,NRA,1,2019,2.8,NRA,1,2019,,,,,11.25,V,1,2019,,,1,2019,,,,,,,,,12,V,1,2019,,,,,15.14,V,1,2019,14,V,1,2019,,,1,2019
18003275,,,,,,,,,10.05,V,1,2019,10,V,2,2019,,,,,11.5,V,1,2019,,,1,2019,8,AC,2,2019,10,V,2,2019,12,V,1,2019,8,AC,2,2019,12.57,V,1,2019,15,V,1,2019,10928,V,2,2019
18003299,10,V,2,2019,,,,,13,V,1,2019,10,V,2,2019,10,V,2,2019,11,V,1,2019,,,1,2019,10,V,2,2019,15.1,V,1,2019,14,V,1,2019,11,V,1,2019,15.43,V,1,2019,18,V,1,2019,13922,V,2,2019
18003319,,,,,,,,,,,,,.2,NRA,1,2019,,,,,0,NRA,1,2019,,,1,2019,,,,,,,,,,,,,,,,,0,NV,2,2019,,,,,,,1,2019
18003339,7625,NV,2,2019,,,,,3.8,NRA,1,2019,3.1,NRA,1,2019,7.4,NV,2,2019,14125,V,1,2019,,,1,2019,.5,NV,2,2019,8.1,NV,2,2019,,,,,,,,,12.57,V,1,2019,6,NV,2,2019,,,1,2019
18003385,0,NRA,1,2019,6,NV,2,2019,5.8,NV,2,2019,,,,,,,,,0,NRA,1,2019,,,1,2019,,,,,,,,,13,V,1,2019,,,,,,,,,,,,,,,1,2019
18003403,9,AC,2,2019,10,V,2,2019,11.8,V,1,2019,7.75,AC,2,2019,10,V,2,2019,10375,V,1,2019,9821,AC,2,2019,13,V,1,2019,14.2,V,1,2019,19,V,1,2019,15,V,1,2019,17.43,V,1,2019,12,V,1,2019,15105,V,1,2019
18003407,,,,,,,,,,,,,0,NRA,1,2019,,,,,0,NRA,1,2019,,,1,2019,,,,,,,,,,,,,,,,,0,NV,2,2019,,,,,,,1,2019
18003414,10,V,2,2019,10.2,V,1,2019,12.2,V,1,2019,12.8,V,1,2019,11888,V,1,2019,14375,V,1,2019,11911,V,2,2019,10.03,V,1,2019,13.2,V,1,2019,12,V,1,2019,11,V,1,2019,14.57,V,1,2019,18,V,1,2019,13133,V,1,2019
18003421,8,AC,2,2019,10,V,1,2019,10.1,V,1,2019,10.6,V,1,2019,10.25,V,1,2019,14.25,V,1,2019,10533,V,2,2019,10,V,2,2019,12,V,1,2019,11,V,1,2019,11.5,V,1,2019,17.14,V,1,2019,14,V,1,2019,12607,V,2,2019
18003425,,,,,,,,,10.1,V,1,2019,1.2,NRA,1,2019,,,,,10875,V,1,2019,,,1,2019,8.5,NV,2,2019,,,,,,,,,,,,,17.7,V,1,2019,18,V,1,2019,,,1,2019
18003439,10,V,2,2019,7.5,NV,2,2019,,,,,10.1,V,1,2019,,,,,13.5,V,1,2019,,,1,2019,,,,,,,,,10,V,2,2019,,,,,18.29,V,1,2019,,,,,,,1,2019
18003449,,,,,,,,,,,,,,,,,,,,,0,NRA,1,2019,,,1,2019,,,,,,,,,0,NV,2,2019,,,,,0,NV,2,2019,,,,,,,1,2019
18003471,11125,V,1,2019,3,NRA,1,2019,10,V,2,2019,5,NV,2,2019,12788,V,1,2019,11125,V,1,2019,8.84,NV,2,2019,7,AC,2,2019,8.4,AC,2,2019,10,V,2,2019,7,AC,2,2019,18.5,V,1,2019,13,V,1,2019,10.65,V,2,2019
18003482,,,,,,,,,,,,,0,NRA,1,2019,.6,NRA,1,2019,,,,,,,1,2019,,,,,,,,,,,,,5,NV,2,2019,,,,,10,V,1,2019,,,1,2019
18003487,10,V,2,2019,5,NV,2,2019,10.7,V,1,2019,10.6,V,1,2019,10,V,2,2019,12125,V,1,2019,9738,NV,2,2019,,,,,,,,,15,V,1,2019,10,V,2,2019,10.29,V,1,2019,13,V,1,2019,,,1,2019
18003493,14.75,V,1,2019,14,V,1,2019,12.9,V,1,2019,13.35,V,1,2019,13.8,V,1,2019,11.25,V,1,2019,13342,V,1,2019,9,AC,2,2019,16.1,V,1,2019,18,V,1,2019,11,V,1,2019,17.14,V,1,2019,14,V,1,2019,14207,V,2,2019
18003503,,,,,,,,,,,,,,,,,,,,,0,NRA,1,2019,,,1,2019,,,,,,,,,,,,,,,,,.2,NV,2,2019,,,,,,,1,2019
18003510,10,V,1,2019,10.2,V,1,2019,14.2,V,1,2019,10,V,1,2019,11662,V,1,2019,12875,V,1,2019,11.49,V,1,2019,12,V,1,2019,17.8,V,1,2019,12,V,1,2019,11,V,1,2019,18,V,1,2019,12,V,1,2019,13.8,V,1,2019
18003515,,,,,,,,,6.8,NV,2,2019,1.4,NRA,1,2019,,,,,0,NRA,1,2019,,,1,2019,,,,,,,,,,,,,,,,,,,,,,,,,,,,
18003522,,,,,2,NRA,1,2019,,,,,5.8,NV,2,2019,,,,,11375,V,1,2019,,,1,2019,,,,,10,V,2,2019,13,V,1,2019,,,,,13.14,V,1,2019,11,V,1,2019,,,1,2019
18003526,10.75,V,1,2019,12,V,1,2019,12.8,V,1,2019,10.3,V,1,2019,13072,V,1,2019,16.5,V,1,2019,12.57,V,1,2019,12.75,V,1,2019,12.1,V,1,2019,17,V,1,2019,12.5,V,1,2019,18,V,1,2019,16,V,1,2019,14725,V,1,2019
18003535,10,V,2,2019,2.2,NRA,1,2019,3,NRA,1,2019,1.7,NRA,1,2019,4.9,NRA,1,2019,10,V,1,2019,5.3,NV,2,2019,8,AC,2,2019,10.8,V,1,2019,13,V,1,2019,10,V,2,2019,12.5,V,1,2019,10,V,1,2019,10717,V,2,2019
18003538,8.5,NV,2,2019,,,,,,,,,9,NV,2,2019,,,,,8,NV,2,2019,,,1,2019,,,,,,,,,,,,,,,,,12.57,V,1,2019,,,,,,,1,2019
18003544,11125,V,1,2019,13,V,1,2019,14.6,V,1,2019,13,V,1,2019,10,V,2,2019,11875,V,1,2019,12267,V,2,2019,8,AC,2,2019,15.8,V,1,2019,19,V,1,2019,13.25,V,1,2019,17.14,V,1,2019,18,V,1,2019,15198,V,2,2019
18003549,7.5,NV,2,2019,10,V,1,2019,7,NV,2,2019,4.2,NRA,1,2019,7.5,NV,2,2019,13125,V,1,2019,8221,NV,2,2019,10,V,2,2019,12.7,V,1,2019,10,V,1,2019,10,V,2,2019,13.14,V,1,2019,10,V,2,2019,10973,V,2,2019
18003556,8.5,AC,2,2019,7.6,AC,2,2019,11.6,V,1,2019,10.1,V,1,2019,12612,V,1,2019,14625,V,1,2019,10.84,V,2,2019,11.5,V,1,2019,14.7,V,1,2019,10,V,1,2019,12,V,1,2019,17.14,V,1,2019,16,V,1,2019,13557,V,1,2019
18003568,16,V,1,2019,10,V,1,2019,10,V,2,2019,7.65,AC,2,2019,13126,V,1,2019,12.75,V,1,2019,11588,V,2,2019,10.03,V,1,2019,14.2,V,1,2019,12,V,1,2019,10,V,1,2019,15.43,V,1,2019,19,V,1,2019,13443,V,1,2019
18003571,8,AC,2,2019,10.4,V,1,2019,11.8,V,1,2019,8,AC,2,2019,13388,V,1,2019,15,V,1,2019,11098,V,2,2019,7.25,AC,2,2019,10,V,2,2019,10,V,2,2019,12,V,1,2019,15.71,V,1,2019,13,V,1,2019,11327,V,2,2019
18003574,,,,,,,,,,,,,,,,,,,,,11875,V,1,2019,,,1,2019,,,,,,,,,,,,,,,,,16,V,1,2019,10,V,1,2019,,,1,2019
18003587,10.25,V,1,2019,12,V,1,2019,10,V,2,2019,10,V,2,2019,10,V,2,2019,10,V,2,2019,10375,V,2,2019,11,V,1,2019,16.5,V,1,2019,14,V,1,2019,12,V,1,2019,17.7,V,1,2019,13,V,1,2019,14033,V,1,2019
18003594,11.5,V,1,2019,10,V,2,2019,10.1,V,1,2019,11.35,V,1,2019,12058,V,1,2019,15375,V,1,2019,11731,V,2,2019,8.25,AC,2,2019,12.6,V,1,2019,16,V,1,2019,10.5,V,1,2019,17.7,V,1,2019,10,V,2,2019,12508,V,2,2019
18003599,10.25,V,1,2019,10,V,1,2019,10,V,2,2019,8.3,AC,2,2019,10,V,2,2019,12125,V,1,2019,10113,V,2,2019,8.5,NV,2,2019,,,,,13,V,1,2019,,,,,15.43,V,1,2019,17,V,1,2019,,,1,2019
18003606,10,V,2,2019,9,NV,2,2019,,,,,5,NV,2,2019,,,,,10925,V,1,2019,,,1,2019,5.75,NV,2,2019,13.1,V,1,2019,14,V,1,2019,10,V,2,2019,15.4,V,1,2019,11,V,1,2019,11542,NV,2,2019
18003713,10.25,V,1,2019,,,,,,,,,10,V,2,2019,,,,,14175,V,1,2019,,,1,2019,8.5,NV,2,2019,10,V,2,2019,10,V,2,2019,,,,,14,V,1,2019,19,V,1,2019,,,1,2019
18003734,8,AC,2,2019,10.6,V,1,2019,10,V,2,2019,10.2,V,1,2019,10,V,2,2019,12625,V,1,2019,10238,V,2,2019,10,V,2,2019,14.5,V,1,2019,13,V,1,2019,,,,,15.43,V,1,2019,19,V,1,2019,,,1,2019
18003755,,,,,,,,,,,,,2.7,NRA,1,2019,7962,NV,2,2019,13375,V,1,2019,,,1,2019,,,,,,,,,,,,,,,,,0,NV,2,2019,0,NV,2,2019,,,1,2019
18003761,10,V,2,2019,7.8,NV,2,2019,8.6,NV,2,2019,4,NRA,1,2019,10376,V,1,2019,11.5,V,1,2019,8713,NV,2,2019,0,NV,2,2019,15.4,V,1,2019,12,V,1,2019,2,NV,2,2019,15.7,V,1,2019,13,V,1,2019,9683,NV,2,2019
18003767,12.85,V,1,2019,10.8,V,1,2019,10,V,1,2019,10.75,V,1,2019,12626,V,1,2019,10.75,V,1,2019,11296,V,1,2019,10,V,2,2019,10,V,2,2019,13,V,1,2019,12.5,V,1,2019,16.29,V,1,2019,10,V,2,2019,11965,V,2,2019
18003769,,,,,,,,,,,,,,,,,,,,,.75,NRA,1,2019,,,1,2019,,,,,,,,,18,V,1,2019,10,V,2,2019,16.29,V,1,2019,,,,,,,1,2019
18003772,10.25,V,1,2019,10,V,1,2019,10,V,2,2019,7,AC,2,2019,10,V,2,2019,13375,V,1,2019,10104,V,2,2019,10.03,V,1,2019,15.6,V,1,2019,17,V,1,2019,12,V,1,2019,11.14,V,1,2019,19,V,1,2019,14128,V,1,2019
18003777,3.75,NRA,1,2019,,,,,,,,,7,NV,2,2019,,,,,14.25,V,1,2019,,,1,2019,,,,,,,,,0,NV,2,2019,,,,,0,NV,2,2019,0,NV,2,2019,,,1,2019
18003819,10625,V,1,2019,10,V,1,2019,12.9,V,1,2019,7,AC,2,2019,11022,V,1,2019,13,V,1,2019,10758,V,2,2019,12.5,V,1,2019,15.5,V,1,2019,14,V,1,2019,12,V,1,2019,15.4,V,1,2019,9,AC,2,2019,13067,V,2,2019
18003823,6,NV,2,2019,3,NRA,1,2019,10,V,2,2019,7,NV,2,2019,6774,NV,2,2019,8.5,NV,2,2019,6879,NV,2,2019,0,NV,2,2019,,,,,,,,,,,,,0,NV,2,2019,0,NV,2,2019,,,1,2019
18003834,10,V,2,2019,13.4,V,1,2019,13.7,V,1,2019,12.4,V,1,2019,12176,V,1,2019,11,V,1,2019,12113,V,2,2019,10.03,V,1,2019,10.9,V,1,2019,12,V,1,2019,14,V,1,2019,17.14,V,1,2019,16,V,1,2019,13345,V,1,2019
18003835,10,V,1,2019,10,V,2,2019,10.1,V,1,2019,11.8,V,1,2019,11112,V,1,2019,12375,V,1,2019,10898,V,2,2019,7,AC,2,2019,13.2,V,1,2019,17,V,1,2019,11,V,1,2019,17.14,V,1,2019,10,V,2,2019,12557,V,2,2019
18003837,9,NV,2,2019,,,,,7.5,NV,2,2019,2.7,NRA,1,2019,,,,,10,V,2,2019,,,1,2019,,,,,,,,,,,,,,,,,0,NV,2,2019,12,V,1,2019,,,1,2019
18003840,10,V,2,2019,,,,,10,V,1,2019,2.6,NRA,1,2019,,,,,10,V,2,2019,,,1,2019,,,,,,,,,,,,,11,V,1,2019,15.1,V,1,2019,,,,,,,1,2019
18003842,10,V,2,2019,,,,,10,V,2,2019,5.7,NV,2,2019,,,,,15.25,V,1,2019,,,1,2019,,,,,,,,,13,V,1,2019,,,,,11.4,V,1,2019,,,,,,,1,2019
18003845,14.75,V,1,2019,15,V,1,2019,13.5,V,1,2019,15.6,V,1,2019,15284,V,1,2019,15,V,1,2019,14856,V,1,2019,10,V,2,2019,13.8,V,1,2019,18,V,1,2019,15,V,1,2019,14.2,V,1,2019,15,V,1,2019,14333,V,2,2019
18003861,,,,,,,,,,,,,12.9,V,1,2019,6.38,NV,2,2019,14,V,1,2019,,,1,2019,8.5,AC,2,2019,11.3,V,1,2019,14,V,1,2019,12,V,1,2019,14,V,1,2019,13,V,1,2019,12133,V,2,2019
18003863,13,V,1,2019,8,NV,2,2019,11.1,V,1,2019,11.2,V,1,2019,,,,,10.5,V,1,2019,,,1,2019,10,V,2,2019,14.1,V,1,2019,19,V,1,2019,17,V,1,2019,16.2,V,1,2019,13,V,1,2019,14883,V,2,2019
18003867,,,,,,,,,,,,,3.8,NRA,1,2019,,,,,13,V,1,2019,,,1,2019,,,,,11.1,V,1,2019,,,,,6,NV,2,2019,16.5,V,1,2019,10,V,1,2019,,,1,2019
18003869,10,V,2,2019,7,NV,2,2019,7.2,NV,2,2019,2.4,NRA,1,2019,12063,V,1,2019,13925,V,1,2019,8765,NV,2,2019,10,V,2,2019,12.6,V,1,2019,19,V,1,2019,10,V,1,2019,14.2,V,1,2019,10,V,2,2019,12633,V,2,2019
18003880,,,,,,,,,10,V,1,2019,6,NV,2,2019,,,,,16.25,V,1,2019,,,1,2019,,,,,,,,,,,,,8,NV,2,2019,16.2,V,1,2019,14,V,1,2019,,,1,2019
18003883,,,,,8,NV,2,2019,,,,,7,NV,2,2019,,,,,11.75,V,1,2019,,,1,2019,,,,,,,,,,,,,,,,,14.57,V,1,2019,11,V,1,2019,,,1,2019
18003889,10,V,2,2019,7,AC,2,2019,10.1,V,1,2019,7.3,AC,2,2019,8,AC,2,2019,11.75,V,1,2019,9025,AC,2,2019,7,AC,2,2019,12.3,V,1,2019,11,V,1,2019,10,V,1,2019,14.86,V,1,2019,10,V,1,2019,10.86,V,2,2019
18003891,,,,,,,,,,,,,3,NRA,1,2019,2062,NRA,1,2019,11.75,V,1,2019,,,1,2019,,,,,,,,,,,,,,,,,10.86,V,1,2019,16,V,1,2019,,,1,2019
18003892,,,,,,,,,,,,,0,NRA,1,2019,,,,,,,,,,,1,2019,,,,,,,,,,,,,,,,,,,,,,,,,,,,
18003895,,,,,7.2,NV,2,2019,7.2,NV,2,2019,3.7,NRA,1,2019,,,,,0,NRA,1,2019,,,1,2019,,,,,,,,,13,V,1,2019,10,V,2,2019,17.4,V,1,2019,10,V,2,2019,,,1,2019
18003898,,,,,,,,,,,,,4.8,NRA,1,2019,1.35,NRA,1,2019,15.5,V,1,2019,,,1,2019,,,,,,,,,,,,,,,,,,,,,,,,,,,,
18003901,,,,,6.4,NV,2,2019,,,,,6.75,NV,2,2019,10,V,1,2019,11625,V,1,2019,,,1,2019,10,V,2,2019,13.8,V,1,2019,11,V,1,2019,11.5,V,1,2019,16,V,1,2019,14,V,1,2019,12717,V,2,2019
18003904,11,V,1,2019,7.2,AC,2,2019,11.9,V,1,2019,10.8,V,1,2019,10112,V,1,2019,15.5,V,1,2019,11085,V,2,2019,7,AC,2,2019,11.6,V,1,2019,12,V,1,2019,10,V,2,2019,17.7,V,1,2019,10,V,1,2019,11383,V,2,2019
18003910,7,NV,2,2019,,,,,,,,,6.95,NV,2,2019,,,,,8.5,NV,2,2019,,,1,2019,10,V,2,2019,8,AC,2,2019,10,V,1,2019,12.5,V,1,2019,15.43,V,1,2019,14,V,1,2019,11655,V,2,2019
18003915,,,,,,,,,,,,,1.6,NRA,1,2019,,,,,12925,V,1,2019,,,1,2019,,,,,,,,,9,NV,2,2019,6.5,NV,2,2019,13.7,V,1,2019,15,V,1,2019,,,1,2019
18003919,10,V,1,2019,,,,,,,,,0,NRA,1,2019,,,,,11.8,V,1,2019,,,1,2019,,,,,,,,,,,,,10,V,2,2019,12.2,V,1,2019,6,NV,2,2019,,,1,2019
18003922,,,,,,,,,,,,,,,,,,,,,,,,,,,1,2019,4.5,NV,2,2019,5.6,NV,2,2019,10,V,1,2019,3,NV,2,2019,12.8,V,1,2019,10,V,2,2019,7.65,NV,2,2019
18003924,11625,V,1,2019,12.6,V,1,2019,15.9,V,1,2019,12.3,V,1,2019,12062,V,1,2019,12125,V,1,2019,12769,V,1,2019,13.25,V,1,2019,14.1,V,1,2019,14,V,1,2019,10,V,1,2019,17.43,V,1,2019,14,V,1,2019,13797,V,1,2019
18003927,8.5,NV,2,2019,9,NV,2,2019,10,V,2,2019,3.6,NRA,1,2019,10.8,V,1,2019,14.25,V,1,2019,9358,NV,2,2019,6.5,NV,2,2019,9,NV,2,2019,16,V,1,2019,,,,,16.57,V,1,2019,12,V,1,2019,,,1,2019
18003929,12375,V,1,2019,12.2,V,1,2019,11,V,1,2019,11.5,V,1,2019,13126,V,1,2019,16,V,1,2019,12.7,V,1,2019,12.75,V,1,2019,14.1,V,1,2019,15,V,1,2019,10,V,2,2019,18.2,V,1,2019,10,V,2,2019,13342,V,2,2019
18003934,,,,,,,,,8,NV,2,2019,3.6,NRA,1,2019,10,V,2,2019,12375,V,1,2019,,,1,2019,8.5,NV,2,2019,,,,,,,,,,,,,16,V,1,2019,15,V,1,2019,,,1,2019
18003941,10,V,2,2019,,,,,7.5,NV,2,2019,4.4,NRA,1,2019,7676,NV,2,2019,10,V,1,2019,,,1,2019,10,V,2,2019,10,V,2,2019,,,,,,,,,12.57,V,1,2019,,,,,,,1,2019
18003947,7.5,NV,2,2019,2.4,NRA,1,2019,10.1,V,1,2019,5.9,NV,2,2019,4662,NRA,1,2019,14375,V,1,2019,7.49,NV,2,2019,10,V,2,2019,,,,,,,,,,,,,14.86,V,1,2019,,,,,,,1,2019
18003949,10,V,1,2019,7.8,AC,2,2019,10.1,V,1,2019,10,V,2,2019,10.95,V,1,2019,14.75,V,1,2019,10.6,V,2,2019,,,,,6,NV,2,2019,,,,,10,V,2,2019,16.2,V,1,2019,10,V,2,2019,,,1,2019
18003953,11625,V,1,2019,6,NV,2,2019,11.2,V,1,2019,10,V,2,2019,,,,,11.25,V,1,2019,,,1,2019,8.25,AC,2,2019,14.7,V,1,2019,18,V,1,2019,12,V,1,2019,17.4,V,1,2019,14,V,1,2019,14058,V,2,2019
18003954,,,,,,,,,,,,,3.3,NRA,1,2019,10,V,2,2019,12.5,V,1,2019,,,1,2019,,,,,,,,,10,V,2,2019,,,,,14.2,V,1,2019,10,V,2,2019,,,1,2019
18003957,11.75,V,1,2019,11,V,1,2019,11.9,V,1,2019,11.6,V,1,2019,12312,V,1,2019,12.5,V,1,2019,11844,V,1,2019,10,V,2,2019,14.7,V,1,2019,15,V,1,2019,15,V,1,2019,17.4,V,1,2019,15,V,1,2019,14517,V,2,2019
18003958,0,NRA,1,2019,,,,,,,,,1.6,NRA,1,2019,,,,,8.75,NV,2,2019,,,1,2019,,,,,,,,,,,,,,,,,13.43,V,1,2019,10,V,1,2019,,,1,2019
18003961,10.75,V,1,2019,,,,,10,V,1,2019,7,NV,2,2019,,,,,12175,V,1,2019,,,1,2019,9,AC,2,2019,13.6,V,1,2019,20,V,1,2019,10.5,V,1,2019,12.8,V,1,2019,10,V,2,2019,12.65,V,2,2019
18003967,0,NRA,1,2019,,,,,,,,,3.1,NRA,1,2019,,,,,0,NRA,1,2019,,,1,2019,,,,,,,,,,,,,,,,,15.4,V,1,2019,,,,,,,1,2019
18003968,15,V,1,2019,14.5,V,1,2019,13.3,V,1,2019,10,V,2,2019,13212,V,1,2019,15.25,V,1,2019,13544,V,2,2019,7.5,AC,2,2019,16.9,V,1,2019,15,V,1,2019,13.5,V,1,2019,17.7,V,1,2019,11,V,1,2019,13.6,V,2,2019
18003970,10125,V,1,2019,3,NRA,1,2019,10.1,V,1,2019,2.2,NRA,1,2019,11438,V,1,2019,13,V,1,2019,8311,NV,2,2019,10.03,V,1,2019,11.1,V,1,2019,13,V,1,2019,12,V,1,2019,16,V,1,2019,11,V,1,2019,12188,V,1,2019
18003973,11875,V,1,2019,11.8,V,1,2019,12.7,V,1,2019,10.3,V,1,2019,14026,V,1,2019,15.5,V,1,2019,12.7,V,1,2019,10,V,2,2019,11.8,V,1,2019,12,V,1,2019,13.5,V,1,2019,17.4,V,1,2019,16,V,1,2019,13.45,V,2,2019
18003977,,,,,3.6,NRA,1,2019,2.8,NRA,1,2019,5.2,NV,2,2019,,,,,15,V,1,2019,,,1,2019,,,,,,,,,,,,,10,V,2,2019,13.4,V,1,2019,14,V,1,2019,,,1,2019
18003981,10125,V,1,2019,7,AC,2,2019,10,V,1,2019,10.2,V,1,2019,9,AC,2,2019,10.75,V,1,2019,9513,AC,2,2019,9,AC,2,2019,11,V,1,2019,11,V,1,2019,14,V,1,2019,13.7,V,1,2019,10,V,2,2019,11.45,V,2,2019
18003982,10875,V,1,2019,10.8,V,1,2019,10.7,V,1,2019,10,V,2,2019,10,V,2,2019,12.75,V,1,2019,10854,V,2,2019,10,V,2,2019,12.5,V,1,2019,14,V,1,2019,11,V,1,2019,16.57,V,1,2019,15,V,1,2019,13178,V,2,2019
18003985,,,,,,,,,,,,,0,NRA,1,2019,5,NV,2,2019,12125,V,1,2019,,,1,2019,,,,,,,,,,,,,,,,,12.29,V,1,2019,10,V,2,2019,,,1,2019
18003986,10,V,2,2019,,,,,,,,,8,NV,2,2019,10,V,2,2019,10.5,V,1,2019,,,1,2019,,,,,,,,,13,V,1,2019,,,,,10,V,1,2019,15,V,1,2019,,,1,2019
18003987,8,NV,2,2019,,,,,11.5,V,1,2019,8,NV,2,2019,10,V,2,2019,11.75,V,1,2019,,,1,2019,10.03,V,1,2019,9.5,AC,2,2019,9,AC,2,2019,10,V,1,2019,16,V,1,2019,10,V,2,2019,10755,V,2,2019
18003989,11125,V,1,2019,11,V,1,2019,10,V,1,2019,8,AC,2,2019,15088,V,1,2019,11125,V,1,2019,11056,V,2,2019,14.5,V,1,2019,14.3,V,1,2019,12,V,1,2019,14,V,1,2019,13.71,V,1,2019,16,V,1,2019,14085,V,1,2019
18003990,,,,,,,,,,,,,0,NRA,1,2019,,,,,0,NRA,1,2019,,,1,2019,3,NV,2,2019,6.8,NV,2,2019,,,,,5,NV,2,2019,,,,,,,,,,,1,2019
18003992,8.5,NV,2,2019,,,,,7,NV,2,2019,2,NRA,1,2019,,,,,10,V,2,2019,,,1,2019,7.5,AC,2,2019,9.1,AC,2,2019,12,V,1,2019,8,AC,2,2019,14.29,V,1,2019,10,V,2,2019,10148,V,2,2019
18003993,9,NV,2,2019,,,,,,,,,9,NV,2,2019,10,V,2,2019,12875,V,1,2019,,,1,2019,8.25,AC,2,2019,10.3,V,1,2019,9,AC,2,2019,11,V,1,2019,15.71,V,1,2019,10,V,2,2019,10.71,V,2,2019
18003994,10,V,2,2019,10,V,2,2019,11.3,V,1,2019,11.05,V,1,2019,10,V,2,2019,10,V,1,2019,10392,V,2,2019,10.03,V,1,2019,13.3,V,1,2019,14,V,1,2019,11,V,1,2019,15.43,V,1,2019,14,V,1,2019,12.96,V,1,2019
18003997,11,V,1,2019,11.4,V,1,2019,10.4,V,1,2019,10,V,1,2019,11438,V,1,2019,11.25,V,1,2019,10915,V,1,2019,10,V,2,2019,12.3,V,1,2019,16,V,1,2019,10,V,1,2019,17.1,V,1,2019,10,V,2,2019,12567,V,2,2019
18003999,,,,,,,,,,,,,0,NRA,1,2019,,,,,0,NRA,1,2019,,,1,2019,,,,,,,,,,,,,,,,,,,,,,,,,,,,
18004002,10,V,2,2019,6.1,NV,2,2019,,,,,3.7,NRA,1,2019,,,,,10.25,V,1,2019,,,1,2019,,,,,,,,,,,,,,,,,15.1,V,1,2019,,,,,,,1,2019
18004003,4,NRA,1,2019,2.4,NRA,1,2019,3.8,NRA,1,2019,0,NRA,1,2019,7.63,NV,2,2019,11.5,V,1,2019,4888,NV,2,2019,10.75,V,1,2019,10,V,2,2019,12,V,1,2019,10,V,2,2019,11.7,V,1,2019,11,V,1,2019,10908,V,2,2019
18004004,10375,V,1,2019,8.8,NV,2,2019,,,,,5,NV,2,2019,,,,,10.25,V,1,2019,,,1,2019,6.5,NV,2,2019,5.5,NV,2,2019,11,V,1,2019,7,NV,2,2019,14,V,1,2019,11,V,1,2019,9167,NV,2,2019
18004005,10,V,2,2019,11,V,1,2019,7,AC,2,2019,7,AC,2,2019,10326,V,1,2019,15,V,1,2019,10054,V,2,2019,8.5,AC,2,2019,14.3,V,1,2019,13,V,1,2019,11.25,V,1,2019,16.5,V,1,2019,10,V,2,2019,12258,V,2,2019
18004007,,,,,,,,,,,,,1.6,NRA,1,2019,,,,,6.5,NV,2,2019,,,1,2019,,,,,,,,,,,,,,,,,,,,,,,,,,,,
18004009,9,AC,2,2019,7,AC,2,2019,10,V,2,2019,9,AC,2,2019,10,V,2,2019,12.5,V,1,2019,9583,AC,2,2019,13.5,V,1,2019,14.7,V,1,2019,13,V,1,2019,11,V,1,2019,16,V,1,2019,12,V,1,2019,13367,V,1,2019
18004010,,,,,,,,,3.6,NRA,1,2019,3.5,NRA,1,2019,,,,,10,V,2,2019,,,1,2019,,,,,,,,,,,,,,,,,12.29,V,1,2019,16,V,1,2019,,,1,2019
18004011,10,V,2,2019,11.6,V,1,2019,12.9,V,1,2019,13.3,V,1,2019,10,V,2,2019,13375,V,1,2019,11863,V,2,2019,8,AC,2,2019,14.7,V,1,2019,16,V,1,2019,13,V,1,2019,18,V,1,2019,17,V,1,2019,14.45,V,2,2019
18004012,10,V,2,2019,12,V,1,2019,12.6,V,1,2019,10.2,V,1,2019,10.58,V,1,2019,10.75,V,1,2019,11022,V,2,2019,11.75,V,1,2019,15.3,V,1,2019,16,V,1,2019,11,V,1,2019,17.14,V,1,2019,13,V,1,2019,14032,V,1,2019
18004013,5,NV,2,2019,,,,,5.8,NV,2,2019,2.7,NRA,1,2019,,,,,10,V,1,2019,,,1,2019,7.75,NV,2,2019,15.6,V,1,2019,12,V,1,2019,,,,,13.1,V,1,2019,,,,,,,1,2019
18004014,10,V,2,2019,8,AC,2,2019,10,V,1,2019,7.85,AC,2,2019,8.1,AC,2,2019,10375,V,1,2019,9054,AC,2,2019,7.5,AC,2,2019,16.5,V,1,2019,14,V,1,2019,10,V,1,2019,16.29,V,1,2019,17,V,1,2019,13548,V,2,2019
18004015,12.25,V,1,2019,10.2,V,1,2019,10.8,V,1,2019,10,V,2,2019,11762,V,1,2019,13925,V,1,2019,11.49,V,2,2019,7.75,AC,2,2019,16.6,V,1,2019,19,V,1,2019,14,V,1,2019,17.1,V,1,2019,11,V,1,2019,14242,V,2,2019
18004016,7,NV,2,2019,8,NV,2,2019,7.5,NV,2,2019,7.8,NV,2,2019,,,,,10,V,2,2019,,,1,2019,,,,,,,,,,,,,,,,,12.29,V,1,2019,10,V,1,2019,,,1,2019
18004017,,,,,5.8,NV,2,2019,,,,,2.3,NRA,1,2019,7276,NV,2,2019,12.5,V,1,2019,,,1,2019,12,V,1,2019,10.9,V,1,2019,12,V,1,2019,,,,,14.5,V,1,2019,16,V,1,2019,,,1,2019
18004018,10,V,2,2019,1.2,NRA,1,2019,,,,,5,NV,2,2019,,,,,12.5,V,1,2019,,,1,2019,7.75,NV,2,2019,,,,,,,,,11.5,V,1,2019,14.5,V,1,2019,,,,,,,1,2019
18004019,10,V,1,2019,12,V,1,2019,10.8,V,1,2019,10.95,V,1,2019,,,,,7.75,NV,2,2019,,,1,2019,6,NV,2,2019,11.7,V,1,2019,19,V,1,2019,12,V,1,2019,18.29,V,1,2019,16,V,1,2019,13832,NV,2,2019
18004020,1.25,NRA,1,2019,,,,,,,,,7.95,NV,2,2019,,,,,11,V,1,2019,,,1,2019,,,,,,,,,0,NV,2,2019,0,NV,2,2019,13.4,V,1,2019,0,NV,2,2019,,,1,2019
18004021,12,V,1,2019,12.1,V,1,2019,10,V,2,2019,10,V,2,2019,10738,V,1,2019,10,V,1,2019,10806,V,2,2019,10,V,2,2019,17.6,V,1,2019,16,V,1,2019,10,V,1,2019,17.4,V,1,2019,16,V,1,2019,14.5,V,2,2019
18004022,11.25,V,1,2019,13.2,V,1,2019,11.4,V,1,2019,12.9,V,1,2019,14.45,V,1,2019,11125,V,1,2019,12388,V,1,2019,12.75,V,1,2019,10,V,1,2019,18,V,1,2019,10,V,2,2019,17.1,V,1,2019,11,V,1,2019,13142,V,2,2019
18004023,12.75,V,1,2019,12.9,V,1,2019,16.6,V,1,2019,12.55,V,1,2019,8126,AC,2,2019,11.75,V,1,2019,12446,V,2,2019,13.5,V,1,2019,15,V,1,2019,18,V,1,2019,13,V,1,2019,16.86,V,1,2019,10,V,2,2019,14393,V,2,2019
18004024,10,V,2,2019,10,V,1,2019,11.7,V,1,2019,7,AC,2,2019,10072,V,1,2019,8.5,AC,2,2019,9545,AC,2,2019,12.75,V,1,2019,12.2,V,1,2019,12,V,1,2019,7,AC,2,2019,13.14,V,1,2019,11,V,1,2019,11348,V,2,2019
18004026,,,,,,,,,,,,,0,NRA,1,2019,0,NRA,1,2019,0,NRA,1,2019,,,1,2019,,,,,,,,,,,,,,,,,0,NV,2,2019,0,NV,2,2019,,,1,2019
18004027,10,V,2,2019,,,,,,,,,5,NV,2,2019,,,,,4375,NRA,1,2019,,,1,2019,,,,,,,,,,,,,,,,,,,,,,,,,,,,
18004028,10,V,2,2019,,,,,,,,,7,NV,2,2019,6738,NV,2,2019,10,V,2,2019,,,1,2019,7,NV,2,2019,13.4,V,1,2019,,,,,,,,,15.71,V,1,2019,,,,,,,1,2019
18004029,6.5,NV,2,2019,8,NV,2,2019,8.8,NV,2,2019,7,NV,2,2019,11.35,V,1,2019,14125,V,1,2019,9296,NV,2,2019,8.25,AC,2,2019,14.4,V,1,2019,13,V,1,2019,7,AC,2,2019,11.4,V,1,2019,12,V,1,2019,11008,V,2,2019
18004031,12.75,V,1,2019,11,V,1,2019,10,V,2,2019,8,AC,2,2019,10,V,2,2019,12125,V,1,2019,10646,V,2,2019,10,V,2,2019,9,AC,2,2019,16,V,1,2019,8,AC,2,2019,14,V,1,2019,10,V,2,2019,11167,V,2,2019
18004032,,,,,,,,,,,,,,,,,,,,,0,NRA,1,2019,,,1,2019,,,,,,,,,,,,,,,,,,,,,,,,,,,,
18004390,10.5,V,1,2019,10.2,V,1,2019,10,V,1,2019,10.1,V,1,2019,10.85,V,1,2019,14625,V,1,2019,11046,V,1,2019,9,AC,2,2019,14.2,V,1,2019,15,V,1,2019,10,V,1,2019,18,V,1,2019,12,V,1,2019,13033,V,2,2019
18004453,,,,,10,V,1,2019,,,,,7.9,NV,2,2019,,,,,12.75,V,1,2019,,,1,2019,,,,,,,,,13,V,1,2019,11,V,1,2019,15.43,V,1,2019,9,NV,2,2019,,,1,2019
18004457,0,NRA,1,2019,7,NV,2,2019,7,NV,2,2019,1.4,NRA,1,2019,6.5,NV,2,2019,10,V,2,2019,5317,NV,2,2019,10,V,2,2019,9,AC,2,2019,12,V,1,2019,10,V,2,2019,11.7,V,1,2019,10,V,2,2019,10.45,V,2,2019
18004479,13.75,V,1,2019,13.7,V,1,2019,12.5,V,1,2019,15.95,V,1,2019,14976,V,1,2019,10,V,1,2019,13479,V,1,2019,10.5,V,1,2019,17,V,1,2019,19,V,1,2019,13,V,1,2019,17.14,V,1,2019,11,V,1,2019,14607,V,1,2019
18004508,10,V,2,2019,11,V,1,2019,8,AC,2,2019,10.95,V,1,2019,10,V,2,2019,11625,V,1,2019,10263,V,2,2019,8.75,AC,2,2019,10,V,2,2019,15,V,1,2019,13,V,1,2019,16,V,1,2019,14,V,1,2019,12792,V,2,2019
18004523,,,,,,,,,,,,,1.6,NRA,1,2019,,,,,10,V,2,2019,,,1,2019,7,NV,2,2019,,,,,,,,,,,,,11.43,V,1,2019,,,,,,,1,2019
18004540,,,,,0,NRA,1,2019,,,,,.8,NRA,1,2019,,,,,.25,NRA,1,2019,,,1,2019,,,,,,,,,,,,,0,NV,2,2019,14,V,1,2019,,,,,,,1,2019
18004554,3.5,NRA,1,2019,10,V,2,2019,10,V,2,2019,13.5,V,1,2019,10588,V,1,2019,13.5,V,1,2019,10181,NV,2,2019,,,,,11.9,V,1,2019,,,,,9.5,NV,2,2019,12,V,1,2019,10,V,2,2019,,,1,2019
18004559,11625,V,1,2019,10,V,1,2019,12.1,V,1,2019,10.4,V,1,2019,11.75,V,1,2019,15625,V,1,2019,11917,V,1,2019,7.5,AC,2,2019,15,V,1,2019,15,V,1,2019,11.5,V,1,2019,18,V,1,2019,13,V,1,2019,13333,V,2,2019
18004591,,,,,12,V,1,2019,10,V,1,2019,7,NV,2,2019,,,,,10.75,V,1,2019,,,1,2019,0,NV,2,2019,10,V,2,2019,12,V,1,2019,6,NV,2,2019,15.43,V,1,2019,16,V,1,2019,9905,NV,2,2019
18004595,10,V,2,2019,11.1,V,1,2019,10,V,1,2019,7,AC,2,2019,10012,V,1,2019,15175,V,1,2019,10548,V,2,2019,10.03,V,1,2019,14.3,V,1,2019,11,V,1,2019,10,V,2,2019,16,V,1,2019,10,V,2,2019,11888,V,2,2019
18004598,18,V,1,2019,15.2,V,1,2019,12.1,V,1,2019,10,V,2,2019,13426,V,1,2019,13,V,1,2019,13621,V,2,2019,10,V,2,2019,15.2,V,1,2019,15,V,1,2019,10,V,2,2019,18.5,V,1,2019,15,V,1,2019,13.95,V,2,2019
18004601,,,,,,,,,,,,,2.5,NRA,1,2019,8238,NV,2,2019,11,V,1,2019,,,1,2019,,,,,,,,,,,,,,,,,0,NV,2,2019,,,,,,,1,2019
18004606,10,V,2,2019,1.6,NRA,1,2019,8.8,NV,2,2019,.4,NRA,1,2019,11.05,V,1,2019,12.75,V,1,2019,7433,NV,2,2019,,,,,,,,,12,V,1,2019,,,,,12.2,V,1,2019,,,,,,,1,2019
18004608,,,,,,,,,3.8,NRA,1,2019,2.4,NRA,1,2019,7238,NV,2,2019,0,NRA,1,2019,,,1,2019,,,,,,,,,,,,,,,,,,,,,,,,,,,,
18004615,,,,,,,,,5.8,NV,2,2019,.4,NRA,1,2019,8.7,NV,2,2019,12875,V,1,2019,,,1,2019,,,,,,,,,,,,,,,,,14.5,V,1,2019,10,V,2,2019,,,1,2019
18004652,,,,,,,,,,,,,,,,,,,,,0,NRA,1,2019,,,1,2019,,,,,,,,,,,,,,,,,12.5,V,1,2019,,,,,,,1,2019
18004667,7,NV,2,2019,10,V,2,2019,,,,,3.4,NRA,1,2019,,,,,12,V,1,2019,,,1,2019,,,,,,,,,,,,,,,,,12.2,V,1,2019,11,V,1,2019,,,1,2019
18004690,11.25,V,1,2019,10.8,V,1,2019,11,V,1,2019,10.3,V,1,2019,10112,V,1,2019,10,V,2,2019,10577,V,2,2019,14.5,V,1,2019,13.5,V,1,2019,15,V,1,2019,12.5,V,1,2019,15.7,V,1,2019,14,V,1,2019,14.2,V,1,2019
18004694,,,,,,,,,,,,,0,NRA,1,2019,,,,,,,,,,,1,2019,,,,,,,,,,,,,,,,,,,,,,,,,,,,
18004705,0,NRA,1,2019,,,,,,,,,.3,NRA,1,2019,,,,,2,NRA,1,2019,,,1,2019,,,,,,,,,,,,,,,,,,,,,,,,,,,,
18004709,10375,V,1,2019,13.2,V,1,2019,12.7,V,1,2019,10,V,2,2019,12388,V,1,2019,15.5,V,1,2019,12361,V,2,2019,10,V,2,2019,12.8,V,1,2019,11,V,1,2019,8,AC,2,2019,10.8,V,1,2019,12,V,1,2019,10767,V,2,2019
18004717,,,,,,,,,,,,,,,,,,,,,,,,,,,1,2019,,,,,,,,,,,,,,,,,16.8,V,1,2019,15,V,1,2019,,,1,2019
18004734,8.5,NV,2,2019,7,NV,2,2019,10,V,1,2019,8.7,NV,2,2019,8.5,NV,2,2019,15,V,1,2019,9617,NV,2,2019,0,NV,2,2019,2.6,NV,2,2019,0,NV,2,2019,0,NV,2,2019,0,NV,2,2019,0,NV,2,2019,.433,NV,2,2019
18004753,0,NRA,1,2019,,,,,,,,,,,,,,,,,0,NRA,1,2019,,,1,2019,,,,,,,,,,,,,,,,,,,,,,,,,,,,
18004765,16.5,V,1,2019,16.1,V,1,2019,12.7,V,1,2019,15,V,1,2019,12576,V,1,2019,12625,V,1,2019,14.25,V,1,2019,10.75,V,1,2019,13.7,V,1,2019,18,V,1,2019,15,V,1,2019,18.29,V,1,2019,11,V,1,2019,14457,V,1,2019
18004784,,,,,,,,,,,,,,,,,,,,,12.5,V,1,2019,,,1,2019,,,,,,,,,,,,,,,,,13.1,V,1,2019,10,V,2,2019,,,1,2019
18004801,10,V,1,2019,12.1,V,1,2019,10,V,1,2019,7,AC,2,2019,11276,V,1,2019,16.25,V,1,2019,11104,V,2,2019,0,NV,2,2019,3.1,NV,2,2019,0,NV,2,2019,0,NV,2,2019,0,NV,2,2019,0,NV,2,2019,.517,NV,2,2019
18005069,0,NRA,1,2019,1.2,NRA,1,2019,3.8,NRA,1,2019,1.4,NRA,1,2019,3.15,NRA,1,2019,0,NRA,1,2019,1592,NV,2,2019,0,NV,2,2019,2.9,NV,2,2019,0,NV,2,2019,0,NV,2,2019,0,NV,2,2019,0,NV,2,2019,.483,NV,2,2019
18005145,10,V,2,2019,16.4,V,1,2019,10.6,V,1,2019,10.6,V,1,2019,10,V,2,2019,12,V,1,2019,11.6,V,2,2019,7,AC,2,2019,14.5,V,1,2019,14,V,1,2019,11,V,1,2019,13.4,V,1,2019,13,V,1,2019,12.15,V,2,2019
18005164,11.5,V,1,2019,10.6,V,1,2019,10.8,V,1,2019,10.35,V,1,2019,10,V,2,2019,13625,V,1,2019,11146,V,2,2019,7.5,AC,2,2019,11.4,V,1,2019,15,V,1,2019,13,V,1,2019,18.57,V,1,2019,14,V,1,2019,13245,V,2,2019
18005352,10,V,2,2019,12,V,1,2019,10.5,V,1,2019,8,AC,2,2019,13904,V,1,2019,13,V,1,2019,11234,V,2,2019,12.5,V,1,2019,16.7,V,1,2019,14,V,1,2019,13.5,V,1,2019,18.2,V,1,2019,16,V,1,2019,15.15,V,1,2019
18005452,3.5,NRA,1,2019,10,V,2,2019,10,V,1,2019,2.7,NRA,1,2019,10,V,2,2019,12.5,V,1,2019,8117,NV,2,2019,10.75,V,1,2019,12,V,1,2019,13,V,1,2019,10,V,2,2019,14.5,V,1,2019,16,V,1,2019,12708,V,2,2019
18005539,,,,,,,,,,,,,2,NRA,1,2019,,,,,10.75,V,1,2019,,,1,2019,,,,,,,,,,,,,10,V,2,2019,13.43,V,1,2019,10,V,2,2019,,,1,2019
18005705,,,,,,,,,,,,,3.4,NRA,1,2019,10,V,2,2019,10,V,2,2019,,,1,2019,7,AC,2,2019,12.8,V,1,2019,16,V,1,2019,10,V,2,2019,13.14,V,1,2019,10,V,2,2019,11.49,V,2,2019
18005906,,,,,,,,,,,,,4.6,NRA,1,2019,0,NRA,1,2019,4625,NRA,1,2019,,,1,2019,,,,,,,,,,,,,,,,,,,,,,,,,,,,
18006155,,,,,5,NV,2,2019,,,,,3.9,NRA,1,2019,10,V,2,2019,11875,V,1,2019,,,1,2019,10.25,V,1,2019,13.7,V,1,2019,15,V,1,2019,13.5,V,1,2019,15.7,V,1,2019,10,V,2,2019,13025,V,2,2019
18006162,,,,,0,NRA,1,2019,,,,,0,NRA,1,2019,0,NRA,1,2019,0,NRA,1,2019,,,1,2019,,,,,,,,,,,,,,,,,0,NV,2,2019,0,NV,2,2019,,,1,2019
18006699,,,,,,,,,,,,,,,,,,,,,1.75,NRA,1,2019,,,1,2019,,,,,10,V,2,2019,,,,,,,,,11.43,V,1,2019,10,V,2,2019,,,1,2019
18006780,10,V,2,2019,,,,,,,,,10,V,2,2019,10312,V,1,2019,14.55,V,1,2019,,,1,2019,,,,,14.1,V,1,2019,,,,,,,,,13.1,V,1,2019,10,V,2,2019,,,1,2019
18007873,,,,,,,,,,,,,8,NV,2,2019,1.95,NRA,1,2019,11.25,V,1,2019,,,1,2019,8,NV,2,2019,13.5,V,1,2019,12,V,1,2019,,,,,15.71,V,1,2019,12,V,1,2019,,,1,2019
18007880,,,,,0,NRA,1,2019,,,,,,,,,,,,,,,,,,,1,2019,.5,NV,2,2019,,,,,,,,,0,NV,2,2019,,,,,,,,,,,1,2019
18008347,10.75,V,1,2019,10,V,2,2019,13.2,V,1,2019,10,V,2,2019,14926,V,1,2019,14675,V,1,2019,12259,V,2,2019,10,V,2,2019,10,V,2,2019,12,V,1,2019,13.25,V,1,2019,18.5,V,1,2019,10,V,2,2019,12292,V,2,2019
18008558,,,,,,,,,13.1,V,1,2019,10,V,1,2019,,,,,12625,V,1,2019,,,1,2019,10.03,V,1,2019,13.7,V,1,2019,20,V,1,2019,12,V,1,2019,16.29,V,1,2019,16,V,1,2019,14.67,V,1,2019
18008626,12,V,1,2019,18.8,V,1,2019,14.7,V,1,2019,10,V,2,2019,16574,V,1,2019,11.75,V,1,2019,13971,V,2,2019,16.75,V,1,2019,15.1,V,1,2019,20,V,1,2019,10,V,1,2019,17.43,V,1,2019,19,V,1,2019,16.38,V,1,2019
18008934,0,NRA,1,2019,,,,,,,,,0,NRA,1,2019,,,,,0,NRA,1,2019,,,1,2019,,,,,,,,,,,,,0,NV,2,2019,0,NV,2,2019,0,NV,2,2019,,,1,2019
18008945,10.75,V,1,2019,10.8,V,1,2019,10.5,V,1,2019,12.15,V,1,2019,10,V,2,2019,14.25,V,1,2019,11408,V,2,2019,10,V,2,2019,17.6,V,1,2019,12,V,1,2019,12,V,1,2019,15.14,V,1,2019,15,V,1,2019,13623,V,2,2019
18008953,,,,,7.6,NV,2,2019,7.6,NV,2,2019,5,NV,2,2019,,,,,12,V,1,2019,,,1,2019,,,,,,,,,12,V,1,2019,13.5,V,1,2019,18,V,1,2019,13,V,1,2019,,,1,2019
18008956,10,V,2,2019,,,,,10.6,V,1,2019,3.4,NRA,1,2019,13538,V,1,2019,0,NRA,1,2019,,,1,2019,,,,,13.5,V,1,2019,17,V,1,2019,,,,,16.8,V,1,2019,16,V,1,2019,,,1,2019
18008958,,,,,,,,,,,,,,,,,,,,,9375,NV,2,2019,,,1,2019,,,,,,,,,,,,,,,,,12.86,V,1,2019,16,V,1,2019,,,1,2019
18008960,,,,,,,,,,,,,,,,,,,,,12.5,V,1,2019,,,1,2019,,,,,,,,,,,,,,,,,,,,,,,,,,,,
18008965,8.5,AC,2,2019,10,V,1,2019,10.8,V,1,2019,10,V,2,2019,10,V,2,2019,11625,V,1,2019,10154,V,2,2019,11.5,V,1,2019,17.6,V,1,2019,14,V,1,2019,11,V,1,2019,12.29,V,1,2019,14,V,1,2019,13398,V,1,2019
18008968,10,V,2,2019,,,,,,,,,7.7,NV,2,2019,,,,,10,V,1,2019,,,1,2019,,,,,,,,,,,,,,,,,15.14,V,1,2019,,,,,,,1,2019
18008971,,,,,,,,,,,,,.4,NRA,1,2019,,,,,1.75,NRA,1,2019,,,1,2019,,,,,,,,,,,,,,,,,10,V,1,2019,4,NV,2,2019,,,1,2019
18008974,,,,,,,,,7,NV,2,2019,6,NV,2,2019,,,,,13876,V,1,2019,,,1,2019,7,NV,2,2019,9,NV,2,2019,,,,,,,,,12.57,V,1,2019,15,V,1,2019,,,1,2019
18008976,7,AC,2,2019,10,V,1,2019,10.4,V,1,2019,10,V,1,2019,10,V,1,2019,13,V,1,2019,10067,V,2,2019,,,,,,,,,18,V,1,2019,10.5,V,1,2019,16,V,1,2019,0,NV,2,2019,,,1,2019
18008979,10,V,2,2019,5,NV,2,2019,7.9,NV,2,2019,5.3,NV,2,2019,9.75,NV,2,2019,13.3,V,1,2019,8542,NV,2,2019,10,V,2,2019,16.4,V,1,2019,16,V,1,2019,13,V,1,2019,13.4,V,1,2019,12,V,1,2019,13467,V,2,2019
18008982,,,,,,,,,,,,,0,NRA,1,2019,,,,,0,NRA,1,2019,,,1,2019,5.5,NV,2,2019,,,,,,,,,10,V,1,2019,17.1,V,1,2019,13,V,1,2019,,,1,2019
18008998,7.5,NV,2,2019,,,,,,,,,7,NV,2,2019,10,V,2,2019,13125,V,1,2019,,,1,2019,,,,,,,,,,,,,,,,,11.14,V,1,2019,13,V,1,2019,,,1,2019
18009000,,,,,,,,,0,NRA,1,2019,0,NRA,1,2019,,,,,14125,V,1,2019,,,1,2019,,,,,,,,,,,,,,,,,10,V,1,2019,,,,,,,1,2019
18009006,7,NV,2,2019,,,,,,,,,10.1,V,1,2019,,,,,11625,V,1,2019,,,1,2019,,,,,,,,,,,,,,,,,13.43,V,1,2019,5,NV,2,2019,,,1,2019
18009021,,,,,,,,,,,,,,,,,,,,,10,V,2,2019,,,1,2019,,,,,11,V,1,2019,,,,,,,,,12.57,V,1,2019,13,V,1,2019,,,1,2019
18009030,,,,,2.2,NRA,1,2019,,,,,1.2,NRA,1,2019,,,,,0,NRA,1,2019,,,1,2019,,,,,,,,,15,V,1,2019,0,NV,2,2019,0,NV,2,2019,,,,,,,1,2019
18009034,6,NV,2,2019,,,,,,,,,2.7,NRA,1,2019,10.1,V,1,2019,10,V,1,2019,,,1,2019,,,,,,,,,,,,,,,,,12.2,V,1,2019,10,V,2,2019,,,1,2019
18009041,,,,,,,,,,,,,,,,,,,,,0,NRA,1,2019,,,1,2019,,,,,,,,,,,,,,,,,10,V,1,2019,,,,,,,1,2019
18009043,,,,,,,,,1,NRA,1,2019,0,NRA,1,2019,,,,,3375,NRA,1,2019,,,1,2019,,,,,,,,,,,,,,,,,0,NV,2,2019,0,NV,2,2019,,,1,2019
18009048,1.5,NRA,1,2019,,,,,,,,,,,,,,,,,4.5,NRA,1,2019,,,1,2019,,,,,,,,,,,,,,,,,12,V,1,2019,,,,,,,1,2019
18009080,,,,,,,,,,,,,5.1,NV,2,2019,,,,,10,V,1,2019,,,1,2019,7.5,AC,2,2019,9,AC,2,2019,16,V,1,2019,10,V,1,2019,14.29,V,1,2019,12,V,1,2019,11465,V,2,2019
18009118,,,,,10,V,2,2019,10,V,1,2019,10.4,V,1,2019,10,V,2,2019,,,,,,,1,2019,,,,,,,,,,,,,,,,,,,,,,,,,,,,
18009163,,,,,,,,,10,V,1,2019,1.8,NRA,1,2019,,,,,12,V,1,2019,,,1,2019,10,V,2,2019,11.5,V,1,2019,14,V,1,2019,10.5,V,1,2019,15.1,V,1,2019,10,V,1,2019,11.85,V,2,2019
18009166,10,V,2,2019,10.2,V,1,2019,10,V,2,2019,9,AC,2,2019,8996,AC,2,2019,10375,V,1,2019,9762,AC,2,2019,10,V,2,2019,18.3,V,1,2019,15,V,1,2019,11,V,1,2019,16.29,V,1,2019,11,V,1,2019,13598,V,2,2019
18009170,10125,V,1,2019,7.2,AC,2,2019,13.5,V,1,2019,7,AC,2,2019,10276,V,1,2019,13.5,V,1,2019,10267,V,2,2019,10.05,V,1,2019,10,V,2,2019,10,V,2,2019,12.5,V,1,2019,17.7,V,1,2019,10,V,2,2019,11708,V,2,2019
18009425,10.25,V,1,2019,,,,,,,,,3,NRA,1,2019,,,,,10125,V,1,2019,,,1,2019,9,AC,2,2019,14.4,V,1,2019,12,V,1,2019,10,V,2,2019,15.43,V,1,2019,11,V,1,2019,11972,V,2,2019
18009431,,,,,,,,,,,,,0,NRA,1,2019,.3,NRA,1,2019,,,,,,,1,2019,,,,,,,,,,,,,,,,,,,,,,,,,,,,
18009440,,,,,,,,,,,,,1.5,NRA,1,2019,,,,,11.5,V,1,2019,,,1,2019,,,,,7.1,NV,2,2019,,,,,,,,,16.2,V,1,2019,8,NV,2,2019,,,1,2019
18009587,10,V,1,2019,7.2,NV,2,2019,,,,,3,NRA,1,2019,,,,,10,V,2,2019,,,1,2019,,,,,,,,,,,,,,,,,,,,,10,V,2,2019,,,1,2019
18009593,7,NV,2,2019,5.8,NV,2,2019,,,,,5.7,NV,2,2019,,,,,10.25,V,1,2019,,,1,2019,12.5,V,1,2019,4.8,NV,2,2019,11,V,1,2019,10,V,2,2019,17.4,V,1,2019,17,V,1,2019,12117,NV,2,2019
18009707,7,NV,2,2019,,,,,,,,,7,NV,2,2019,,,,,14,V,1,2019,,,1,2019,7.5,AC,2,2019,12.3,V,1,2019,15,V,1,2019,13.5,V,1,2019,17.7,V,1,2019,15,V,1,2019,13.5,V,2,2019
18009712,11.5,V,1,2019,14,V,1,2019,10.1,V,1,2019,12.05,V,1,2019,10,V,2,2019,11.5,V,1,2019,11525,V,2,2019,7,AC,2,2019,16,V,1,2019,14,V,1,2019,13.5,V,1,2019,14.5,V,1,2019,12,V,1,2019,12833,V,2,2019
18009716,1,NRA,1,2019,7.2,NV,2,2019,,,,,2.6,NRA,1,2019,,,,,10,V,1,2019,,,1,2019,10,V,2,2019,11.2,V,1,2019,12,V,1,2019,10.5,V,1,2019,18.2,V,1,2019,16,V,1,2019,12983,V,2,2019
18009736,,,,,,,,,,,,,4.6,NRA,1,2019,,,,,13.5,V,1,2019,,,1,2019,,,,,,,,,13,V,1,2019,,,,,18,V,1,2019,15,V,1,2019,,,1,2019
18009749,10,V,2,2019,10,V,1,2019,12,V,1,2019,7,AC,2,2019,7758,AC,2,2019,11.5,V,1,2019,9.71,AC,2,2019,10,V,2,2019,15.9,V,1,2019,17,V,1,2019,10.5,V,1,2019,14.8,V,1,2019,14,V,1,2019,13.7,V,2,2019
18009760,0,NRA,1,2019,0,NRA,1,2019,0,NRA,1,2019,0,NRA,1,2019,0,NRA,1,2019,0,NRA,1,2019,0,NV,2,2019,0,NV,2,2019,2.65,NV,2,2019,0,NV,2,2019,0,NV,2,2019,0,NV,2,2019,0,NV,2,2019,.442,NV,2,2019
18009774,8.5,AC,2,2019,10.4,V,1,2019,11.2,V,1,2019,8,AC,2,2019,10,V,2,2019,8.5,AC,2,2019,9433,AC,2,2019,8.5,AC,2,2019,12.6,V,1,2019,19,V,1,2019,11,V,1,2019,18,V,1,2019,16,V,1,2019,14183,V,2,2019
18009778,9,NV,2,2019,,,,,,,,,3.6,NRA,1,2019,,,,,11875,V,1,2019,,,1,2019,,,,,10,V,2,2019,,,,,,,,,16.29,V,1,2019,13,V,1,2019,,,1,2019
18009794,,,,,,,,,,,,,3.8,NRA,1,2019,,,,,12.5,V,1,2019,,,1,2019,,,,,.7,NV,2,2019,,,,,,,,,0,NV,2,2019,0,NV,2,2019,,,1,2019
18009796,,,,,,,,,,,,,0,NRA,1,2019,,,,,0,NRA,1,2019,,,1,2019,,,,,,,,,0,NV,2,2019,,,,,0,NV,2,2019,0,NV,2,2019,,,1,2019
18009797,,,,,,,,,,,,,0,NRA,1,2019,2.1,NRA,1,2019,0,NRA,1,2019,,,1,2019,,,,,,,,,,,,,,,,,0,NV,2,2019,0,NV,2,2019,,,1,2019
18010025,,,,,,,,,,,,,0,NRA,1,2019,,,,,0,NRA,1,2019,,,1,2019,,,,,,,,,,,,,,,,,0,NV,2,2019,,,,,,,1,2019
18010207,11125,V,1,2019,8,NV,2,2019,8.1,NV,2,2019,3,NRA,1,2019,10.9,V,1,2019,13.25,V,1,2019,9063,NV,2,2019,5.5,NV,2,2019,10.2,V,1,2019,10,V,2,2019,10,V,2,2019,15.1,V,1,2019,10,V,2,2019,10133,NV,2,2019
18010186,10,V,2,2019,2.2,NRA,1,2019,,,,,.2,NRA,1,2019,,,,,13,V,1,2019,,,1,2019,,,,,,,,,,,,,,,,,16,V,1,2019,10,V,2,2019,,,1,2019
18010277,0,NRA,1,2019,0,NRA,1,2019,,,,,0,NRA,1,2019,,,,,,,,,,,1,2019,,,,,,,,,,,,,,,,,,,,,,,,,,,,
18010375,10875,V,1,2019,10,V,1,2019,10,V,1,2019,7,AC,2,2019,12212,V,1,2019,14375,V,1,2019,10744,V,2,2019,7.5,AC,2,2019,16.6,V,1,2019,10,V,2,2019,12.5,V,1,2019,17.1,V,1,2019,15,V,1,2019,13117,V,2,2019
18010394,7.5,NV,2,2019,,,,,,,,,8,NV,2,2019,,,,,10,V,2,2019,,,1,2019,,,,,,,,,,,,,10,V,1,2019,16.86,V,1,2019,12,V,1,2019,,,1,2019
18010399,,,,,,,,,,,,,1.9,NRA,1,2019,,,,,10.75,V,1,2019,,,1,2019,,,,,,,,,,,,,,,,,,,,,,,,,,,,
18010405,0,NRA,1,2019,1.6,NRA,1,2019,7.2,NV,2,2019,3.6,NRA,1,2019,3112,NRA,1,2019,10,V,2,2019,4252,NV,2,2019,,,,,,,,,13,V,1,2019,,,,,18.2,V,1,2019,14,V,1,2019,,,1,2019
18010410,,,,,,,,,,,,,7.6,NV,2,2019,10,V,2,2019,11.5,V,1,2019,,,1,2019,,,,,15.2,V,1,2019,,,,,,,,,15.7,V,1,2019,14,V,1,2019,,,1,2019
18010532,,,,,0,NRA,1,2019,,,,,10.2,V,1,2019,,,,,13,V,1,2019,,,1,2019,3.5,NV,2,2019,6.4,NV,2,2019,19,V,1,2019,13.5,V,1,2019,18.2,V,1,2019,8,NV,2,2019,11433,NV,2,2019
18010534,,,,,,,,,,,,,,,,,,,,,,,,,,,1,2019,7,NV,2,2019,,,,,,,,,,,,,12,V,1,2019,12,V,1,2019,,,1,2019
18010535,10,V,2,2019,10,V,2,2019,,,,,7.3,NV,2,2019,8154,NV,2,2019,10,V,1,2019,,,1,2019,7.5,AC,2,2019,13,V,1,2019,10,V,2,2019,12,V,1,2019,14,V,1,2019,10,V,2,2019,11083,V,2,2019
18011071,11.05,V,1,2018,10.75,V,1,2018,11.4,V,1,2019,10,V,2,2018,11926,V,1,2019,14.75,V,1,2018,11646,V,1,2019,15,V,1,2019,13.2,V,1,2019,10,V,1,2018,12,V,1,2019,16.57,V,1,2019,10,V,2,2019,12795,V,2,2019
18011486,,,,,,,,,,,,,0,NRA,1,2019,,,,,0,NRA,1,2019,,,1,2019,,,,,,,,,,,,,,,,,,,,,,,,,,,,
18011541,,,,,,,,,8.5,NV,2,2019,1.9,NRA,1,2019,,,,,10,V,2,2019,,,1,2019,,,,,,,,,6,NV,2,2019,6,NV,2,2019,14,V,1,2019,4,NV,2,2019,,,1,2019
18011544,,,,,,,,,11,V,1,2019,10,V,2,2019,10,V,2,2019,11875,V,1,2019,,,1,2019,7,AC,2,2019,12.5,V,1,2019,11,V,1,2019,10,V,1,2019,15.43,V,1,2019,11,V,1,2019,11155,V,2,2019
18011547,,,,,,,,,,,,,5,NV,2,2019,,,,,12375,V,1,2019,,,1,2019,8,NV,2,2019,9.6,NV,2,2019,12,V,1,2019,,,,,15.7,V,1,2019,11,V,1,2019,,,1,2019
18011563,,,,,,,,,,,,,,,,,7376,NV,2,2019,10.5,V,1,2019,,,1,2019,3.25,NV,2,2019,,,,,11,V,1,2019,,,,,14.29,V,1,2019,5,NV,2,2019,,,1,2019
18011653,10,V,2,2019,,,,,10,V,2,2019,,,,,4662,NRA,1,2019,10,V,2,2019,,,1,2019,10,V,2,2019,12.5,V,1,2019,15,V,1,2019,12,V,1,2019,11.43,V,1,2019,16,V,1,2019,12822,V,2,2019
18012398,11,V,1,2019,,,,,8.8,NV,2,2019,8.85,NV,2,2019,2.5,NRA,1,2019,13,V,1,2019,,,1,2019,,,,,14.9,V,1,2019,14,V,1,2019,,,,,16.2,V,1,2019,17,V,1,2019,,,1,2019
18012462,,,,,,,,,,,,,10,V,2,2019,,,,,15125,V,1,2019,,,1,2019,15.55,V,1,2019,,,,,12,V,1,2019,,,,,16.8,V,1,2019,11,V,1,2019,,,1,2019
18012747,11.5,V,1,2019,10,V,2,2019,11.9,V,1,2019,10,V,1,2019,15026,V,1,2019,17,V,1,2019,12571,V,2,2019,12.75,V,1,2019,10,V,2,2019,14,V,1,2019,13,V,1,2019,17.1,V,1,2019,11,V,1,2019,12975,V,2,2019
18013454,14,V,1,2019,14,V,1,2019,11.6,V,1,2019,10,V,2,2019,15.6,V,1,2019,17,V,1,2019,13.7,V,2,2019,8,AC,2,2019,10.9,V,1,2019,16,V,1,2019,11.5,V,1,2019,17.7,V,1,2019,13,V,1,2019,12.85,V,2,2019
